Month,Year,Region,Volume
Jan,2015,Albany,4.79087
Jan,2016,Albany,7.13109
Jan,2017,Albany,9.28175
Jan,2018,Albany,19.29195
Jan,2019,Albany,19.68011
Jan,2015,Atlanta,14.9319
Jan,2016,Atlanta,31.58006
Jan,2017,Atlanta,34.69416
Jan,2018,Atlanta,64.86704
Jan,2019,Atlanta,60.62083
Jan,2019,Baltimore/Washington,229.21952
Jan,2015,BaltimoreWashington,74.59135
Jan,2016,BaltimoreWashington,88.30687
Jan,2017,BaltimoreWashington,88.43013
Jan,2018,BaltimoreWashington,230.58927
Jan,2015,Boise,8.03227
Jan,2016,Boise,8.08024
Jan,2017,Boise,16.32879
Jan,2018,Boise,9.5498
Jan,2019,Boise,13.74483
Jan,2015,Boston,8.56757
Jan,2016,Boston,41.78034
Jan,2017,Boston,78.6936
Jan,2018,Boston,117.11569
Jan,2019,Boston,141.21167
Jan,2019,Buffalo/Rochester,69.96225
Jan,2015,BuffaloRochester,5.36609
Jan,2016,BuffaloRochester,20.43096
Jan,2017,BuffaloRochester,15.77049
Jan,2018,BuffaloRochester,40.6754
Jan,2015,California,617.36607
Jan,2016,California,695.96982
Jan,2017,California,786.30216
Jan,2018,California,725.9964
Jan,2019,California,849.1412
Jan,2015,Charlotte,10.74776
Jan,2016,Charlotte,19.66231
Jan,2017,Charlotte,48.13204
Jan,2018,Charlotte,73.11854
Jan,2019,Charlotte,54.64677
Jan,2015,Chicago,54.09029
Jan,2016,Chicago,139.68763
Jan,2017,Chicago,195.85414
Jan,2018,Chicago,163.98875
Jan,2019,Chicago,331.88468
Jan,2019,Cincinnati/Dayton,44.51634
Jan,2015,CincinnatiDayton,40.32132
Jan,2016,CincinnatiDayton,56.97308
Jan,2017,CincinnatiDayton,52.53153
Jan,2018,CincinnatiDayton,65.96802
Jan,2015,Columbus,16.99942
Jan,2016,Columbus,25.75434
Jan,2017,Columbus,34.31939
Jan,2018,Columbus,39.66106
Jan,2019,Columbus,43.09918
Jan,2019,Dallas/Ft. Worth,131.46509
Jan,2015,DallasFtWorth,45.90501
Jan,2016,DallasFtWorth,66.32184
Jan,2017,DallasFtWorth,111.93013
Jan,2018,DallasFtWorth,97.0172
Jan,2015,Denver,117.90025
Jan,2016,Denver,216.60349
Jan,2017,Denver,159.16304
Jan,2018,Denver,133.86513
Jan,2019,Denver,111.92433
Jan,2015,Detroit,30.73364
Jan,2016,Detroit,55.41457
Jan,2017,Detroit,50.87994
Jan,2018,Detroit,85.95218
Jan,2019,Detroit,71.26745
Jan,2019,Grand Rapids,52.84263
Jan,2015,GrandRapids,3.19214
Jan,2016,GrandRapids,13.49117
Jan,2017,GrandRapids,9.4938
Jan,2018,GrandRapids,38.57601
Jan,2019,Great Lakes,986.94364
Jan,2015,GreatLakes,237.23017
Jan,2016,GreatLakes,478.83975
Jan,2017,GreatLakes,592.67624
Jan,2018,GreatLakes,903.99692
Jan,2019,Harrisburg/Scranton,104.35503
Jan,2015,HarrisburgScranton,10.30701
Jan,2016,HarrisburgScranton,36.23829
Jan,2017,HarrisburgScranton,39.06791
Jan,2018,HarrisburgScranton,82.6008
Jan,2019,Hartford/Springfield,78.84965
Jan,2015,HartfordSpringfield,12.73699
Jan,2016,HartfordSpringfield,22.80883
Jan,2017,HartfordSpringfield,52.05712
Jan,2018,HartfordSpringfield,60.93639
Jan,2015,Houston,37.87787
Jan,2016,Houston,52.21235
Jan,2017,Houston,129.93016
Jan,2018,Houston,125.52801
Jan,2019,Houston,117.49577
Jan,2015,Indianapolis,5.49595
Jan,2016,Indianapolis,13.07989
Jan,2017,Indianapolis,21.77474
Jan,2018,Indianapolis,41.96754
Jan,2019,Indianapolis,38.95178
Jan,2015,Jacksonville,5.17362
Jan,2016,Jacksonville,16.87544
Jan,2017,Jacksonville,20.97952
Jan,2018,Jacksonville,15.01278
Jan,2019,Jacksonville,12.12291
Jan,2019,Las Vegas,58.3151
Jan,2015,LasVegas,24.26537
Jan,2016,LasVegas,40.98232
Jan,2017,LasVegas,51.59915
Jan,2018,LasVegas,36.34095
Jan,2019,Los Angeles,427.64624
Jan,2015,LosAngeles,196.45536
Jan,2016,LosAngeles,367.92767
Jan,2017,LosAngeles,476.7652
Jan,2018,LosAngeles,385.60951
Jan,2015,Louisville,5.13955
Jan,2016,Louisville,6.98223
Jan,2017,Louisville,9.26326
Jan,2018,Louisville,15.77602
Jan,2019,Louisville,18.69269
Jan,2019,Miami/Ft. Lauderdale,40.76591
Jan,2015,MiamiFtLauderdale,7.01121
Jan,2016,MiamiFtLauderdale,27.26967
Jan,2017,MiamiFtLauderdale,29.53599
Jan,2018,MiamiFtLauderdale,30.89481
Jan,2015,Midsouth,231.04036
Jan,2016,Midsouth,342.97424
Jan,2017,Midsouth,443.48903
Jan,2018,Midsouth,816.90569
Jan,2019,Midsouth,802.83698
Jan,2015,Nashville,14.42575
Jan,2016,Nashville,28.56062
Jan,2017,Nashville,19.75957
Jan,2018,Nashville,30.47627
Jan,2019,Nashville,22.23506
Jan,2019,New Orleans/Mobile,12.26192
Jan,2019,New York,493.53741
Jan,2015,NewOrleansMobile,10.114
Jan,2016,NewOrleansMobile,15.97519
Jan,2017,NewOrleansMobile,18.73722
Jan,2018,NewOrleansMobile,27.7456
Jan,2015,NewYork,55.68831
Jan,2016,NewYork,129.04838
Jan,2017,NewYork,219.90787
Jan,2018,NewYork,337.41119
Jan,2015,Northeast,174.02286
Jan,2016,Northeast,432.79657
Jan,2017,Northeast,650.07665
Jan,2018,Northeast,1072.05619
Jan,2019,Northeast,1459.34765
Jan,2019,Northern New England,158.28569
Jan,2015,NorthernNewEngland,28.1629
Jan,2016,NorthernNewEngland,50.27665
Jan,2017,NorthernNewEngland,59.13123
Jan,2018,NorthernNewEngland,121.21508
Jan,2015,Orlando,7.74511
Jan,2016,Orlando,25.56386
Jan,2017,Orlando,32.23707
Jan,2018,Orlando,29.13076
Jan,2019,Orlando,31.27405
Jan,2015,Philadelphia,15.0914
Jan,2016,Philadelphia,53.62632
Jan,2017,Philadelphia,52.14397
Jan,2018,Philadelphia,109.68421
Jan,2019,Philadelphia,160.7061
Jan,2019,Phoenix/Tucson,91.19956
Jan,2015,PhoenixTucson,54.4333
Jan,2016,PhoenixTucson,51.91673
Jan,2017,PhoenixTucson,57.3212
Jan,2018,PhoenixTucson,55.67859
Jan,2015,Pittsburgh,7.89217
Jan,2016,Pittsburgh,6.62835
Jan,2017,Pittsburgh,44.40336
Jan,2018,Pittsburgh,48.19375
Jan,2019,Pittsburgh,60.91097
Jan,2015,Plains,131.68565
Jan,2016,Plains,228.75973
Jan,2017,Plains,273.40284
Jan,2018,Plains,248.35317
Jan,2019,Plains,356.50418
Jan,2015,Portland,158.81161
Jan,2016,Portland,130.57553
Jan,2017,Portland,195.5227
Jan,2018,Portland,95.04823
Jan,2019,Portland,138.21649
Jan,2019,Raleigh/Greensboro,70.09462
Jan,2015,RaleighGreensboro,14.11557
Jan,2016,RaleighGreensboro,26.53374
Jan,2017,RaleighGreensboro,52.75553
Jan,2018,RaleighGreensboro,100.25996
Jan,2019,Richmond/Norfolk,85.51586
Jan,2015,RichmondNorfolk,14.4675
Jan,2016,RichmondNorfolk,26.27834
Jan,2017,RichmondNorfolk,35.13091
Jan,2018,RichmondNorfolk,70.34746
Jan,2015,Roanoke,20.57544
Jan,2016,Roanoke,26.34607
Jan,2017,Roanoke,30.06859
Jan,2018,Roanoke,34.67065
Jan,2019,Roanoke,41.24451
Jan,2015,Sacramento,63.75268
Jan,2016,Sacramento,38.85204
Jan,2017,Sacramento,29.35902
Jan,2018,Sacramento,33.01661
Jan,2019,Sacramento,45.97529
Jan,2019,San Diego,72.67575
Jan,2019,San Francisco,138.80985
Jan,2015,SanDiego,64.78469
Jan,2016,SanDiego,62.53966
Jan,2017,SanDiego,73.14087
Jan,2018,SanDiego,74.77268
Jan,2015,SanFrancisco,120.93665
Jan,2016,SanFrancisco,103.36862
Jan,2017,SanFrancisco,93.36016
Jan,2018,SanFrancisco,105.74433
Jan,2015,Seattle,154.4539
Jan,2016,Seattle,164.54489
Jan,2017,Seattle,226.16333
Jan,2018,Seattle,204.96836
Jan,2019,Seattle,346.32132
Jan,2019,South Carolina,79.69828
Jan,2019,South Central,594.72068
Jan,2015,SouthCarolina,11.5463
Jan,2016,SouthCarolina,28.08609
Jan,2017,SouthCarolina,43.83835
Jan,2018,SouthCarolina,70.88583
Jan,2015,SouthCentral,231.0278
Jan,2016,SouthCentral,327.18354
Jan,2017,SouthCentral,548.42534
Jan,2018,SouthCentral,548.84778
Jan,2015,Southeast,100.60584
Jan,2016,Southeast,252.33323
Jan,2017,Southeast,287.73433
Jan,2018,Southeast,418.31158
Jan,2019,Southeast,394.15732
Jan,2015,Spokane,18.24025
Jan,2016,Spokane,14.06753
Jan,2017,Spokane,19.51118
Jan,2018,Spokane,17.03429
Jan,2019,Spokane,22.26799
Jan,2019,St. Louis,74.4785
Jan,2015,StLouis,14.41451
Jan,2016,StLouis,48.85558
Jan,2017,StLouis,30.30941
Jan,2018,StLouis,32.47221
Jan,2015,Syracuse,2.82839
Jan,2016,Syracuse,7.48886
Jan,2017,Syracuse,11.06445
Jan,2018,Syracuse,18.66094
Jan,2019,Syracuse,32.56799
Jan,2015,Tampa,6.35534
Jan,2016,Tampa,24.93131
Jan,2017,Tampa,32.14323
Jan,2018,Tampa,29.17551
Jan,2019,Tampa,27.92979
Jan,2019,Total U.S.,6649.9064
Jan,2015,TotalUS,2551.92789
Jan,2016,TotalUS,3777.15426
Jan,2017,TotalUS,4722.90707
Jan,2018,TotalUS,5614.95052
Jan,2015,West,828.94917
Jan,2016,West,1018.29737
Jan,2017,West,1140.80028
Jan,2018,West,880.48279
Jan,2019,West,1206.2549
Jan,2019,West Tex/New Mexico,91.22859
Jan,2015,WestTexNewMexico,25.8768
Jan,2016,WestTexNewMexico,59.35003
Jan,2017,WestTexNewMexico,80.9675
Jan,2018,WestTexNewMexico,61.3496
Feb,2015,Albany,5.33401
Feb,2016,Albany,5.26926
Feb,2017,Albany,8.26927
Feb,2018,Albany,20.86569
Feb,2019,Albany,17.16357
Feb,2015,Atlanta,39.70721
Feb,2016,Atlanta,21.48679
Feb,2017,Atlanta,56.94738
Feb,2018,Atlanta,53.25835
Feb,2019,Atlanta,63.58157
Feb,2019,Baltimore/Washington,207.0606
Feb,2015,BaltimoreWashington,83.0834
Feb,2016,BaltimoreWashington,64.68904
Feb,2017,BaltimoreWashington,74.96767
Feb,2018,BaltimoreWashington,186.9572
Feb,2015,Boise,8.04149
Feb,2016,Boise,6.06555
Feb,2017,Boise,10.5734
Feb,2018,Boise,10.1563
Feb,2019,Boise,14.12678
Feb,2015,Boston,11.63998
Feb,2016,Boston,39.6419
Feb,2017,Boston,70.72585
Feb,2018,Boston,113.1902
Feb,2019,Boston,127.39362
Feb,2019,Buffalo/Rochester,61.6436
Feb,2015,BuffaloRochester,13.31448
Feb,2016,BuffaloRochester,21.85945
Feb,2017,BuffaloRochester,16.27759
Feb,2018,BuffaloRochester,47.58198
Feb,2015,California,581.74355
Feb,2016,California,690.97355
Feb,2017,California,720.99076
Feb,2018,California,702.75971
Feb,2019,California,934.89305
Feb,2015,Charlotte,13.87424
Feb,2016,Charlotte,14.24643
Feb,2017,Charlotte,35.48204
Feb,2018,Charlotte,48.85428
Feb,2019,Charlotte,60.25422
Feb,2015,Chicago,45.11263
Feb,2016,Chicago,126.31365
Feb,2017,Chicago,161.55746
Feb,2018,Chicago,155.27024
Feb,2019,Chicago,325.5126
Feb,2019,Cincinnati/Dayton,33.91482
Feb,2015,CincinnatiDayton,43.05586
Feb,2016,CincinnatiDayton,51.10084
Feb,2017,CincinnatiDayton,137.78639
Feb,2018,CincinnatiDayton,46.85985
Feb,2015,Columbus,15.91697
Feb,2016,Columbus,18.17058
Feb,2017,Columbus,58.52673
Feb,2018,Columbus,31.57186
Feb,2019,Columbus,34.90166
Feb,2019,Dallas/Ft. Worth,135.36568
Feb,2015,DallasFtWorth,49.03592
Feb,2016,DallasFtWorth,65.72737
Feb,2017,DallasFtWorth,82.75757
Feb,2018,DallasFtWorth,105.04966
Feb,2015,Denver,94.78111
Feb,2016,Denver,130.18477
Feb,2017,Denver,140.82827
Feb,2018,Denver,112.35349
Feb,2019,Denver,115.25206
Feb,2015,Detroit,29.4223
Feb,2016,Detroit,43.03166
Feb,2017,Detroit,108.83
Feb,2018,Detroit,64.8181
Feb,2019,Detroit,51.48907
Feb,2019,Grand Rapids,42.01826
Feb,2015,GrandRapids,3.59068
Feb,2016,GrandRapids,9.63544
Feb,2017,GrandRapids,15.16346
Feb,2018,GrandRapids,31.95405
Feb,2019,Great Lakes,869.49694
Feb,2015,GreatLakes,236.59984
Feb,2016,GreatLakes,395.10594
Feb,2017,GreatLakes,791.03451
Feb,2018,GreatLakes,694.11856
Feb,2019,Harrisburg/Scranton,92.68482
Feb,2015,HarrisburgScranton,15.30631
Feb,2016,HarrisburgScranton,25.23441
Feb,2017,HarrisburgScranton,39.10091
Feb,2018,HarrisburgScranton,84.78064
Feb,2019,Hartford/Springfield,63.92694
Feb,2015,HartfordSpringfield,18.89613
Feb,2016,HartfordSpringfield,26.61298
Feb,2017,HartfordSpringfield,77.66696
Feb,2018,HartfordSpringfield,94.35869
Feb,2015,Houston,42.7255
Feb,2016,Houston,52.42957
Feb,2017,Houston,150.29302
Feb,2018,Houston,108.1611
Feb,2019,Houston,127.00346
Feb,2015,Indianapolis,6.81662
Feb,2016,Indianapolis,10.34472
Feb,2017,Indianapolis,18.45152
Feb,2018,Indianapolis,34.97567
Feb,2019,Indianapolis,34.41641
Feb,2015,Jacksonville,7.4563
Feb,2016,Jacksonville,9.88576
Feb,2017,Jacksonville,14.05339
Feb,2018,Jacksonville,18.43342
Feb,2019,Jacksonville,12.16283
Feb,2019,Las Vegas,55.16921
Feb,2015,LasVegas,28.21106
Feb,2016,LasVegas,36.5515
Feb,2017,LasVegas,82.97407
Feb,2018,LasVegas,40.28323
Feb,2019,Los Angeles,409.09331
Feb,2015,LosAngeles,183.59554
Feb,2016,LosAngeles,390.51973
Feb,2017,LosAngeles,446.17105
Feb,2018,LosAngeles,373.08321
Feb,2015,Louisville,5.32329
Feb,2016,Louisville,4.26248
Feb,2017,Louisville,23.45059
Feb,2018,Louisville,10.91431
Feb,2019,Louisville,17.38916
Feb,2019,Miami/Ft. Lauderdale,39.76366
Feb,2015,MiamiFtLauderdale,7.06432
Feb,2016,MiamiFtLauderdale,11.46222
Feb,2017,MiamiFtLauderdale,17.99969
Feb,2018,MiamiFtLauderdale,39.00926
Feb,2015,Midsouth,280.70474
Feb,2016,Midsouth,255.96167
Feb,2017,Midsouth,518.43434
Feb,2018,Midsouth,662.56973
Feb,2019,Midsouth,759.22614
Feb,2015,Nashville,29.19366
Feb,2016,Nashville,21.54181
Feb,2017,Nashville,42.56301
Feb,2018,Nashville,26.47453
Feb,2019,Nashville,23.3963
Feb,2019,New Orleans/Mobile,7.0836
Feb,2019,New York,423.41796
Feb,2015,NewOrleansMobile,14.2594
Feb,2016,NewOrleansMobile,11.39698
Feb,2017,NewOrleansMobile,20.71279
Feb,2018,NewOrleansMobile,33.1743
Feb,2015,NewYork,88.9274
Feb,2016,NewYork,117.61184
Feb,2017,NewYork,630.02218
Feb,2018,NewYork,780.29444
Feb,2015,Northeast,243.96239
Feb,2016,Northeast,377.20822
Feb,2017,Northeast,1089.72093
Feb,2018,Northeast,1604.3284
Feb,2019,Northeast,1274.02672
Feb,2019,Northern New England,126.19242
Feb,2015,NorthernNewEngland,27.87523
Feb,2016,NorthernNewEngland,39.09795
Feb,2017,NorthernNewEngland,48.14034
Feb,2018,NorthernNewEngland,101.85728
Feb,2015,Orlando,10.35238
Feb,2016,Orlando,15.83504
Feb,2017,Orlando,20.7641
Feb,2018,Orlando,36.81087
Feb,2019,Orlando,31.08263
Feb,2015,Philadelphia,19.10868
Feb,2016,Philadelphia,38.31274
Feb,2017,Philadelphia,109.50004
Feb,2018,Philadelphia,154.35243
Feb,2019,Philadelphia,151.01801
Feb,2019,Phoenix/Tucson,97.21016
Feb,2015,PhoenixTucson,47.14779
Feb,2016,PhoenixTucson,41.42302
Feb,2017,PhoenixTucson,84.10849
Feb,2018,PhoenixTucson,70.95803
Feb,2015,Pittsburgh,7.3249
Feb,2016,Pittsburgh,4.36759
Feb,2017,Pittsburgh,28.69196
Feb,2018,Pittsburgh,53.68547
Feb,2019,Pittsburgh,57.22861
Feb,2015,Plains,156.88022
Feb,2016,Plains,177.40873
Feb,2017,Plains,239.98483
Feb,2018,Plains,281.06779
Feb,2019,Plains,335.1472
Feb,2015,Portland,151.72271
Feb,2016,Portland,119.22785
Feb,2017,Portland,117.98831
Feb,2018,Portland,118.02333
Feb,2019,Portland,134.4918
Feb,2019,Raleigh/Greensboro,67.12069
Feb,2015,RaleighGreensboro,18.44837
Feb,2016,RaleighGreensboro,17.60801
Feb,2017,RaleighGreensboro,36.91484
Feb,2018,RaleighGreensboro,54.89708
Feb,2019,Richmond/Norfolk,82.39941
Feb,2015,RichmondNorfolk,16.24381
Feb,2016,RichmondNorfolk,18.73237
Feb,2017,RichmondNorfolk,39.97413
Feb,2018,RichmondNorfolk,67.07854
Feb,2015,Roanoke,19.29939
Feb,2016,Roanoke,21.6226
Feb,2017,Roanoke,45.90634
Feb,2018,Roanoke,34.63207
Feb,2019,Roanoke,38.81669
Feb,2015,Sacramento,38.09315
Feb,2016,Sacramento,30.76637
Feb,2017,Sacramento,25.2638
Feb,2018,Sacramento,34.51289
Feb,2019,Sacramento,57.00822
Feb,2019,San Diego,76.094
Feb,2019,San Francisco,201.23684
Feb,2015,SanDiego,58.21839
Feb,2016,SanDiego,69.13048
Feb,2017,SanDiego,63.0166
Feb,2018,SanDiego,74.02014
Feb,2015,SanFrancisco,147.56863
Feb,2016,SanFrancisco,92.79676
Feb,2017,SanFrancisco,83.16005
Feb,2018,SanFrancisco,95.80596
Feb,2015,Seattle,167.4712
Feb,2016,Seattle,172.05209
Feb,2017,Seattle,156.86823
Feb,2018,Seattle,371.74216
Feb,2019,Seattle,286.72204
Feb,2019,South Carolina,91.53069
Feb,2019,South Central,600.43798
Feb,2015,SouthCarolina,17.02781
Feb,2016,SouthCarolina,18.76975
Feb,2017,SouthCarolina,45.06508
Feb,2018,SouthCarolina,63.5909
Feb,2015,SouthCentral,288.74302
Feb,2016,SouthCentral,312.02499
Feb,2017,SouthCentral,544.7996
Feb,2018,SouthCentral,526.74706
Feb,2015,Southeast,154.99155
Feb,2016,Southeast,150.64033
Feb,2017,Southeast,277.42254
Feb,2018,Southeast,419.4639
Feb,2019,Southeast,374.39858
Feb,2015,Spokane,21.33795
Feb,2016,Spokane,17.09179
Feb,2017,Spokane,12.86872
Feb,2018,Spokane,18.12876
Feb,2019,Spokane,17.97244
Feb,2019,St. Louis,48.01519
Feb,2015,StLouis,13.72108
Feb,2016,StLouis,32.51153
Feb,2017,StLouis,31.62733
Feb,2018,StLouis,29.20383
Feb,2015,Syracuse,5.0567
Feb,2016,Syracuse,10.4748
Feb,2017,Syracuse,9.01917
Feb,2018,Syracuse,20.36543
Feb,2019,Syracuse,28.79889
Feb,2015,Tampa,9.69925
Feb,2016,Tampa,12.16271
Feb,2017,Tampa,19.34386
Feb,2018,Tampa,33.50975
Feb,2019,Tampa,31.67416
Feb,2019,Total U.S.,6284.48433
Feb,2015,TotalUS,2761.39497
Feb,2016,TotalUS,3195.12696
Feb,2017,TotalUS,5147.93727
Feb,2018,TotalUS,5976.4664
Feb,2015,West,817.76965
Feb,2016,West,835.80362
Feb,2017,West,965.54972
Feb,2018,West,1085.41121
Feb,2019,West,1136.85767
Feb,2019,West Tex/New Mexico,91.91668
Feb,2015,WestTexNewMexico,32.51215
Feb,2016,WestTexNewMexico,59.96632
Feb,2017,WestTexNewMexico,114.40027
Feb,2018,WestTexNewMexico,69.07936
Mar,2015,Albany,7.22069
Mar,2016,Albany,6.96531
Mar,2017,Albany,9.24369
Mar,2018,Albany,11.89809
Mar,2019,Albany,24.60187
Mar,2015,Atlanta,57.80106
Mar,2016,Atlanta,29.94954
Mar,2017,Atlanta,78.81936
Mar,2018,Atlanta,77.85675
Mar,2019,Atlanta,102.29834
Mar,2019,Baltimore/Washington,255.79749
Mar,2015,BaltimoreWashington,78.91826
Mar,2016,BaltimoreWashington,74.02994
Mar,2017,BaltimoreWashington,74.80837
Mar,2018,BaltimoreWashington,194.45696
Mar,2015,Boise,14.99189
Mar,2016,Boise,13.38037
Mar,2017,Boise,14.69976
Mar,2018,Boise,12.09775
Mar,2019,Boise,21.91676
Mar,2015,Boston,12.44181
Mar,2016,Boston,45.56577
Mar,2017,Boston,73.00733
Mar,2018,Boston,127.61843
Mar,2019,Boston,173.07643
Mar,2019,Buffalo/Rochester,80.12084
Mar,2015,BuffaloRochester,8.56964
Mar,2016,BuffaloRochester,20.46069
Mar,2017,BuffaloRochester,13.70015
Mar,2018,BuffaloRochester,75.64256
Mar,2015,California,676.77311
Mar,2016,California,755.70854
Mar,2017,California,834.75687
Mar,2018,California,869.00677
Mar,2019,California,1161.6043
Mar,2015,Charlotte,19.36249
Mar,2016,Charlotte,17.40018
Mar,2017,Charlotte,28.85889
Mar,2018,Charlotte,49.59782
Mar,2019,Charlotte,83.61839
Mar,2015,Chicago,75.01043
Mar,2016,Chicago,133.90167
Mar,2017,Chicago,175.38889
Mar,2018,Chicago,158.62694
Mar,2019,Chicago,299.36194
Mar,2019,Cincinnati/Dayton,53.30694
Mar,2015,CincinnatiDayton,63.93492
Mar,2016,CincinnatiDayton,60.09727
Mar,2017,CincinnatiDayton,127.00524
Mar,2018,CincinnatiDayton,89.99197
Mar,2015,Columbus,17.71733
Mar,2016,Columbus,26.13322
Mar,2017,Columbus,79.68483
Mar,2018,Columbus,77.99745
Mar,2019,Columbus,48.89868
Mar,2019,Dallas/Ft. Worth,185.97608
Mar,2015,DallasFtWorth,60.08753
Mar,2016,DallasFtWorth,72.15688
Mar,2017,DallasFtWorth,107.77412
Mar,2018,DallasFtWorth,125.37533
Mar,2015,Denver,234.20604
Mar,2016,Denver,289.12378
Mar,2017,Denver,233.85544
Mar,2018,Denver,102.06902
Mar,2019,Denver,223.92719
Mar,2015,Detroit,37.07019
Mar,2016,Detroit,55.26448
Mar,2017,Detroit,133.21443
Mar,2018,Detroit,160.91217
Mar,2019,Detroit,57.9816
Mar,2019,Grand Rapids,51.42936
Mar,2015,GrandRapids,5.04418
Mar,2016,GrandRapids,11.50175
Mar,2017,GrandRapids,21.85969
Mar,2018,GrandRapids,44.11934
Mar,2019,Great Lakes,936.83232
Mar,2015,GreatLakes,322.04869
Mar,2016,GreatLakes,458.61898
Mar,2017,GreatLakes,907.3781
Mar,2018,GreatLakes,1049.93603
Mar,2019,Harrisburg/Scranton,112.06697
Mar,2015,HarrisburgScranton,16.43768
Mar,2016,HarrisburgScranton,33.42154
Mar,2017,HarrisburgScranton,37.56802
Mar,2018,HarrisburgScranton,80.45823
Mar,2019,Hartford/Springfield,91.26595
Mar,2015,HartfordSpringfield,14.13273
Mar,2016,HartfordSpringfield,27.73832
Mar,2017,HartfordSpringfield,65.02954
Mar,2018,HartfordSpringfield,97.30974
Mar,2015,Houston,54.55047
Mar,2016,Houston,51.49608
Mar,2017,Houston,203.98932
Mar,2018,Houston,136.76993
Mar,2019,Houston,196.01981
Mar,2015,Indianapolis,7.27729
Mar,2016,Indianapolis,10.82641
Mar,2017,Indianapolis,25.10482
Mar,2018,Indianapolis,52.8136
Mar,2019,Indianapolis,33.47329
Mar,2015,Jacksonville,10.59082
Mar,2016,Jacksonville,12.36538
Mar,2017,Jacksonville,14.34346
Mar,2018,Jacksonville,19.53425
Mar,2019,Jacksonville,17.08344
Mar,2019,Las Vegas,71.50138
Mar,2015,LasVegas,37.13002
Mar,2016,LasVegas,41.03993
Mar,2017,LasVegas,76.92877
Mar,2018,LasVegas,47.24089
Mar,2019,Los Angeles,519.72245
Mar,2015,LosAngeles,211.74265
Mar,2016,LosAngeles,433.35321
Mar,2017,LosAngeles,551.26186
Mar,2018,LosAngeles,472.84702
Mar,2015,Louisville,6.96728
Mar,2016,Louisville,10.7461
Mar,2017,Louisville,28.40292
Mar,2018,Louisville,19.72962
Mar,2019,Louisville,18.96653
Mar,2019,Miami/Ft. Lauderdale,55.41832
Mar,2015,MiamiFtLauderdale,11.70088
Mar,2016,MiamiFtLauderdale,13.50936
Mar,2017,MiamiFtLauderdale,13.91079
Mar,2018,MiamiFtLauderdale,38.57802
Mar,2015,Midsouth,317.19748
Mar,2016,Midsouth,341.84064
Mar,2017,Midsouth,514.7265
Mar,2018,Midsouth,715.74796
Mar,2019,Midsouth,946.81634
Mar,2015,Nashville,19.96904
Mar,2016,Nashville,39.60987
Mar,2017,Nashville,44.43605
Mar,2018,Nashville,38.39888
Mar,2019,Nashville,28.67135
Mar,2019,New Orleans/Mobile,7.95399
Mar,2019,New York,606.01833
Mar,2015,NewOrleansMobile,12.90689
Mar,2016,NewOrleansMobile,13.89618
Mar,2017,NewOrleansMobile,13.48668
Mar,2018,NewOrleansMobile,29.26307
Mar,2015,NewYork,89.26826
Mar,2016,NewYork,142.78256
Mar,2017,NewYork,450.01667
Mar,2018,NewYork,549.81974
Mar,2015,Northeast,251.0928
Mar,2016,Northeast,436.36431
Mar,2017,Northeast,879.85867
Mar,2018,Northeast,1395.67643
Mar,2019,Northeast,1716.91996
Mar,2019,Northern New England,176.38022
Mar,2015,NorthernNewEngland,33.81468
Mar,2016,NorthernNewEngland,45.36219
Mar,2017,NorthernNewEngland,60.33324
Mar,2018,NorthernNewEngland,77.33087
Mar,2015,Orlando,14.58897
Mar,2016,Orlando,19.09337
Mar,2017,Orlando,20.61101
Mar,2018,Orlando,42.48802
Mar,2019,Orlando,45.07194
Mar,2015,Philadelphia,21.19678
Mar,2016,Philadelphia,46.82103
Mar,2017,Philadelphia,78.95969
Mar,2018,Philadelphia,141.36772
Mar,2019,Philadelphia,181.69127
Mar,2019,Phoenix/Tucson,107.59623
Mar,2015,PhoenixTucson,65.80786
Mar,2016,PhoenixTucson,45.05983
Mar,2017,PhoenixTucson,73.77922
Mar,2018,PhoenixTucson,64.08846
Mar,2015,Pittsburgh,10.1485
Mar,2016,Pittsburgh,5.28685
Mar,2017,Pittsburgh,36.57408
Mar,2018,Pittsburgh,57.97454
Mar,2019,Pittsburgh,68.52844
Mar,2015,Plains,175.20349
Mar,2016,Plains,172.13794
Mar,2017,Plains,309.15027
Mar,2018,Plains,290.75218
Mar,2019,Plains,375.11384
Mar,2015,Portland,238.45698
Mar,2016,Portland,195.23953
Mar,2017,Portland,205.08367
Mar,2018,Portland,120.46408
Mar,2019,Portland,200.03123
Mar,2019,Raleigh/Greensboro,87.63004
Mar,2015,RaleighGreensboro,25.50562
Mar,2016,RaleighGreensboro,20.22426
Mar,2017,RaleighGreensboro,32.25892
Mar,2018,RaleighGreensboro,56.28599
Mar,2019,Richmond/Norfolk,96.3209
Mar,2015,RichmondNorfolk,24.78506
Mar,2016,RichmondNorfolk,28.11806
Mar,2017,RichmondNorfolk,55.51882
Mar,2018,RichmondNorfolk,63.66735
Mar,2015,Roanoke,30.5237
Mar,2016,Roanoke,30.00414
Mar,2017,Roanoke,48.06857
Mar,2018,Roanoke,32.67773
Mar,2019,Roanoke,50.30987
Mar,2015,Sacramento,81.93194
Mar,2016,Sacramento,32.40741
Mar,2017,Sacramento,24.55914
Mar,2018,Sacramento,39.68409
Mar,2019,Sacramento,75.63921
Mar,2019,San Diego,100.7313
Mar,2019,San Francisco,228.1076
Mar,2015,SanDiego,60.13932
Mar,2016,SanDiego,70.81428
Mar,2017,SanDiego,74.40007
Mar,2018,SanDiego,87.39678
Mar,2015,SanFrancisco,140.78668
Mar,2016,SanFrancisco,100.40733
Mar,2017,SanFrancisco,77.76212
Mar,2018,SanFrancisco,124.3302
Mar,2015,Seattle,206.1867
Mar,2016,Seattle,215.30262
Mar,2017,Seattle,296.20216
Mar,2018,Seattle,367.48363
Mar,2019,Seattle,434.03818
Mar,2019,South Carolina,118.95372
Mar,2019,South Central,868.03202
Mar,2015,SouthCarolina,22.35993
Mar,2016,SouthCarolina,25.49133
Mar,2017,SouthCarolina,45.34546
Mar,2018,SouthCarolina,66.35152
Mar,2015,SouthCentral,334.72091
Mar,2016,SouthCentral,337.31011
Mar,2017,SouthCentral,681.74737
Mar,2018,SouthCentral,641.43022
Mar,2015,Southeast,201.86564
Mar,2016,Southeast,190.96007
Mar,2017,Southeast,287.74808
Mar,2018,Southeast,478.0318
Mar,2019,Southeast,535.49857
Mar,2015,Spokane,24.17326
Mar,2016,Spokane,15.3603
Mar,2017,Spokane,20.47807
Mar,2018,Spokane,21.63953
Mar,2019,Spokane,34.56548
Mar,2019,St. Louis,52.23125
Mar,2015,StLouis,16.13854
Mar,2016,StLouis,36.05025
Mar,2017,StLouis,40.41386
Mar,2018,StLouis,30.26692
Mar,2015,Syracuse,6.40422
Mar,2016,Syracuse,10.25125
Mar,2017,Syracuse,8.95761
Mar,2018,Syracuse,29.23136
Mar,2019,Syracuse,34.09813
Mar,2015,Tampa,13.4088
Mar,2016,Tampa,15.53641
Mar,2017,Tampa,18.79749
Mar,2018,Tampa,38.30613
Mar,2019,Tampa,40.80889
Mar,2019,Total U.S.,8294.03557
Mar,2015,TotalUS,3600.17356
Mar,2016,TotalUS,3982.16692
Mar,2017,TotalUS,5822.14114
Mar,2018,TotalUS,6534.43707
Mar,2015,West,1321.27149
Mar,2016,West,1289.22633
Mar,2017,West,1406.77515
Mar,2018,West,1093.85559
Mar,2019,West,1753.21822
Mar,2019,West Tex/New Mexico,131.16645
Mar,2015,WestTexNewMexico,40.45513
Mar,2016,WestTexNewMexico,70.76147
Mar,2017,WestTexNewMexico,110.33285
Mar,2018,WestTexNewMexico,70.7215
Apr,2015,Albany,5.60654
Apr,2016,Albany,8.45267
Apr,2017,Albany,13.7234
Apr,2019,Albany,13.37388
Apr,2015,Atlanta,23.39827
Apr,2016,Atlanta,34.62559
Apr,2017,Atlanta,86.10407
Apr,2019,Atlanta,62.34401
Apr,2019,Baltimore/Washington,164.32848
Apr,2015,BaltimoreWashington,59.87174
Apr,2016,BaltimoreWashington,93.98726
Apr,2017,BaltimoreWashington,116.59959
Apr,2015,Boise,9.11677
Apr,2016,Boise,10.51492
Apr,2017,Boise,19.03492
Apr,2019,Boise,17.20302
Apr,2015,Boston,13.03579
Apr,2016,Boston,58.76282
Apr,2017,Boston,86.63214
Apr,2019,Boston,128.72706
Apr,2019,Buffalo/Rochester,56.21886
Apr,2015,BuffaloRochester,11.35161
Apr,2016,BuffaloRochester,24.1881
Apr,2017,BuffaloRochester,23.89359
Apr,2015,California,492.38131
Apr,2016,California,796.00103
Apr,2017,California,969.44706
Apr,2019,California,941.48084
Apr,2015,Charlotte,15.14902
Apr,2016,Charlotte,21.81079
Apr,2017,Charlotte,42.20351
Apr,2019,Charlotte,53.76824
Apr,2015,Chicago,168.83222
Apr,2016,Chicago,131.67493
Apr,2017,Chicago,278.11549
Apr,2019,Chicago,158.53745
Apr,2019,Cincinnati/Dayton,41.00519
Apr,2015,CincinnatiDayton,61.29402
Apr,2016,CincinnatiDayton,60.23226
Apr,2017,CincinnatiDayton,91.01866
Apr,2015,Columbus,19.6461
Apr,2016,Columbus,33.08871
Apr,2017,Columbus,55.10467
Apr,2019,Columbus,24.60988
Apr,2019,Dallas/Ft. Worth,167.66603
Apr,2015,DallasFtWorth,44.74951
Apr,2016,DallasFtWorth,88.60645
Apr,2017,DallasFtWorth,132.71779
Apr,2015,Denver,207.20545
Apr,2016,Denver,350.87635
Apr,2017,Denver,307.35582
Apr,2019,Denver,158.24074
Apr,2015,Detroit,32.9849
Apr,2016,Detroit,61.10104
Apr,2017,Detroit,88.2056
Apr,2019,Detroit,49.09197
Apr,2019,Grand Rapids,45.68282
Apr,2015,GrandRapids,4.50537
Apr,2016,GrandRapids,8.12274
Apr,2017,GrandRapids,9.74714
Apr,2019,Great Lakes,614.71707
Apr,2015,GreatLakes,409.52064
Apr,2016,GreatLakes,495.25829
Apr,2017,GreatLakes,879.87135
Apr,2019,Harrisburg/Scranton,55.07059
Apr,2015,HarrisburgScranton,13.68425
Apr,2016,HarrisburgScranton,36.00234
Apr,2017,HarrisburgScranton,49.5008
Apr,2019,Hartford/Springfield,67.26773
Apr,2015,HartfordSpringfield,12.7153
Apr,2016,HartfordSpringfield,35.57348
Apr,2017,HartfordSpringfield,82.6593
Apr,2015,Houston,49.98029
Apr,2016,Houston,59.30287
Apr,2017,Houston,225.13628
Apr,2019,Houston,137.23989
Apr,2015,Indianapolis,7.75206
Apr,2016,Indianapolis,14.22213
Apr,2017,Indianapolis,27.50221
Apr,2019,Indianapolis,24.34334
Apr,2015,Jacksonville,7.8567
Apr,2016,Jacksonville,14.11497
Apr,2017,Jacksonville,19.37822
Apr,2019,Jacksonville,6.97052
Apr,2019,Las Vegas,56.48064
Apr,2015,LasVegas,41.21287
Apr,2016,LasVegas,65.59881
Apr,2017,LasVegas,66.62306
Apr,2019,Los Angeles,487.5373
Apr,2015,LosAngeles,177.17173
Apr,2016,LosAngeles,450.00415
Apr,2017,LosAngeles,618.04469
Apr,2015,Louisville,6.26386
Apr,2016,Louisville,9.41878
Apr,2017,Louisville,18.60675
Apr,2019,Louisville,11.52249
Apr,2019,Miami/Ft. Lauderdale,28.43593
Apr,2015,MiamiFtLauderdale,13.09063
Apr,2016,MiamiFtLauderdale,17.36123
Apr,2017,MiamiFtLauderdale,18.59477
Apr,2015,Midsouth,311.87545
Apr,2016,Midsouth,455.81213
Apr,2017,Midsouth,624.35512
Apr,2019,Midsouth,586.50879
Apr,2015,Nashville,25.8475
Apr,2016,Nashville,77.14617
Apr,2017,Nashville,38.29027
Apr,2019,Nashville,16.65172
Apr,2019,New Orleans/Mobile,6.72497
Apr,2019,New York,578.44074
Apr,2015,NewOrleansMobile,12.54939
Apr,2016,NewOrleansMobile,15.49672
Apr,2017,NewOrleansMobile,20.59104
Apr,2015,NewYork,81.01843
Apr,2016,NewYork,168.38614
Apr,2017,NewYork,566.06264
Apr,2015,Northeast,235.89651
Apr,2016,Northeast,509.56885
Apr,2017,Northeast,1151.73611
Apr,2019,Northeast,1319.25112
Apr,2019,Northern New England,118.19279
Apr,2015,NorthernNewEngland,30.59191
Apr,2016,NorthernNewEngland,47.36909
Apr,2017,NorthernNewEngland,68.57228
Apr,2015,Orlando,9.95169
Apr,2016,Orlando,22.56423
Apr,2017,Orlando,28.07304
Apr,2019,Orlando,20.72142
Apr,2015,Philadelphia,19.5872
Apr,2016,Philadelphia,51.02381
Apr,2017,Philadelphia,104.42557
Apr,2019,Philadelphia,136.95624
Apr,2019,Phoenix/Tucson,116.74111
Apr,2015,PhoenixTucson,62.12089
Apr,2016,PhoenixTucson,79.09501
Apr,2017,PhoenixTucson,73.23703
Apr,2015,Pittsburgh,11.49765
Apr,2016,Pittsburgh,5.33139
Apr,2017,Pittsburgh,53.45418
Apr,2019,Pittsburgh,42.39127
Apr,2015,Plains,127.12823
Apr,2016,Plains,208.7119
Apr,2017,Plains,389.58004
Apr,2019,Plains,274.93585
Apr,2015,Portland,159.74378
Apr,2016,Portland,174.68352
Apr,2017,Portland,249.85489
Apr,2019,Portland,188.066
Apr,2019,Raleigh/Greensboro,54.68357
Apr,2015,RaleighGreensboro,27.31826
Apr,2016,RaleighGreensboro,24.54444
Apr,2017,RaleighGreensboro,51.01727
Apr,2019,Richmond/Norfolk,55.58368
Apr,2015,RichmondNorfolk,29.06192
Apr,2016,RichmondNorfolk,36.47432
Apr,2017,RichmondNorfolk,59.97768
Apr,2015,Roanoke,42.70896
Apr,2016,Roanoke,36.69742
Apr,2017,Roanoke,51.32546
Apr,2019,Roanoke,25.61594
Apr,2015,Sacramento,36.02197
Apr,2016,Sacramento,33.29783
Apr,2017,Sacramento,31.89802
Apr,2019,Sacramento,57.12368
Apr,2019,San Diego,85.5078
Apr,2019,San Francisco,136.24455
Apr,2015,SanDiego,42.80346
Apr,2016,SanDiego,77.13807
Apr,2017,SanDiego,76.37229
Apr,2015,SanFrancisco,115.68657
Apr,2016,SanFrancisco,104.37615
Apr,2017,SanFrancisco,109.69084
Apr,2015,Seattle,167.36145
Apr,2016,Seattle,261.62416
Apr,2017,Seattle,296.43067
Apr,2019,Seattle,395.80064
Apr,2019,South Carolina,55.89689
Apr,2019,South Central,660.17339
Apr,2015,SouthCarolina,15.55371
Apr,2016,SouthCarolina,32.96606
Apr,2017,SouthCarolina,43.98933
Apr,2015,SouthCentral,277.04837
Apr,2016,SouthCentral,407.16085
Apr,2017,SouthCentral,819.57318
Apr,2015,Southeast,127.60136
Apr,2016,Southeast,224.05407
Apr,2017,Southeast,340.43423
Apr,2019,Southeast,273.5844
Apr,2015,Spokane,17.24954
Apr,2016,Spokane,20.71359
Apr,2017,Spokane,24.72046
Apr,2019,Spokane,24.89063
Apr,2019,St. Louis,42.35417
Apr,2015,StLouis,12.99293
Apr,2016,StLouis,41.33585
Apr,2017,StLouis,40.37107
Apr,2015,Syracuse,6.59887
Apr,2016,Syracuse,12.21642
Apr,2017,Syracuse,12.61448
Apr,2019,Syracuse,21.57036
Apr,2015,Tampa,10.61637
Apr,2016,Tampa,20.51635
Apr,2017,Tampa,22.03533
Apr,2019,Tampa,13.61987
Apr,2019,Total U.S.,6093.57627
Apr,2015,TotalUS,3020.00733
Apr,2016,TotalUS,4608.00027
Apr,2017,TotalUS,6811.57148
Apr,2015,West,1038.55553
Apr,2016,West,1511.43307
Apr,2017,West,1636.57429
Apr,2019,West,1422.92485
Apr,2019,West Tex/New Mexico,84.53143
Apr,2015,WestTexNewMexico,48.11858
Apr,2016,WestTexNewMexico,118.91371
Apr,2017,WestTexNewMexico,123.98944
May,2015,Albany,9.17834
May,2016,Albany,7.278
May,2017,Albany,13.71733
May,2019,Albany,10.373
May,2015,Atlanta,24.46922
May,2016,Atlanta,51.82887
May,2017,Atlanta,75.05623
May,2019,Atlanta,37.829
May,2019,Baltimore/Washington,105.398
May,2015,BaltimoreWashington,83.04927
May,2016,BaltimoreWashington,107.92206
May,2017,BaltimoreWashington,94.87466
May,2015,Boise,7.95463
May,2016,Boise,11.66237
May,2017,Boise,16.9526
May,2019,Boise,10.553
May,2015,Boston,19.66264
May,2016,Boston,79.58557
May,2017,Boston,85.19743
May,2019,Boston,102.688
May,2019,Buffalo/Rochester,38.359
May,2015,BuffaloRochester,20.9557
May,2016,BuffaloRochester,37.70647
May,2017,BuffaloRochester,24.20133
May,2015,California,668.93216
May,2016,California,1098.90252
May,2017,California,759.52148
May,2019,California,588.657
May,2015,Charlotte,28.83571
May,2016,Charlotte,28.43477
May,2017,Charlotte,32.62853
May,2019,Charlotte,47.802
May,2015,Chicago,118.58131
May,2016,Chicago,209.20832
May,2017,Chicago,176.7582
May,2019,Chicago,135.053
May,2019,Cincinnati/Dayton,26.141
May,2015,CincinnatiDayton,75.35392
May,2016,CincinnatiDayton,79.70607
May,2017,CincinnatiDayton,68.58553
May,2015,Columbus,73.78122
May,2016,Columbus,35.57618
May,2017,Columbus,40.01131
May,2019,Columbus,15.929
May,2019,Dallas/Ft. Worth,91.643
May,2015,DallasFtWorth,50.59643
May,2016,DallasFtWorth,127.14235
May,2017,DallasFtWorth,125.9255
May,2015,Denver,301.61407
May,2016,Denver,339.92978
May,2017,Denver,372.63582
May,2019,Denver,83.862
May,2015,Detroit,51.52332
May,2016,Detroit,87.90285
May,2017,Detroit,57.44608
May,2019,Detroit,40.352
May,2019,Grand Rapids,30.833
May,2015,GrandRapids,9.76715
May,2016,GrandRapids,9.4363
May,2017,GrandRapids,5.48068
May,2019,Great Lakes,466.053
May,2015,GreatLakes,557.0692
May,2016,GreatLakes,668.6772
May,2017,GreatLakes,602.22461
May,2019,Harrisburg/Scranton,25.869
May,2015,HarrisburgScranton,19.88308
May,2016,HarrisburgScranton,42.5054
May,2017,HarrisburgScranton,40.02982
May,2019,Hartford/Springfield,39.761
May,2015,HartfordSpringfield,21.08687
May,2016,HartfordSpringfield,49.15815
May,2017,HartfordSpringfield,52.79493
May,2015,Houston,52.53398
May,2016,Houston,116.94492
May,2017,Houston,152.37721
May,2019,Houston,99.576
May,2015,Indianapolis,13.45921
May,2016,Indianapolis,20.85588
May,2017,Indianapolis,23.1171
May,2019,Indianapolis,18.141
May,2015,Jacksonville,11.33643
May,2016,Jacksonville,17.81218
May,2017,Jacksonville,19.53912
May,2019,Jacksonville,1.868
May,2019,Las Vegas,35.55
May,2015,LasVegas,56.91742
May,2016,LasVegas,95.70564
May,2017,LasVegas,34.86528
May,2019,Los Angeles,274.044
May,2015,LosAngeles,222.83136
May,2016,LosAngeles,556.84978
May,2017,LosAngeles,480.45728
May,2015,Louisville,11.91545
May,2016,Louisville,10.84444
May,2017,Louisville,18.43337
May,2019,Louisville,9.44
May,2019,Miami/Ft. Lauderdale,9.905
May,2015,MiamiFtLauderdale,13.48629
May,2016,MiamiFtLauderdale,26.06916
May,2017,MiamiFtLauderdale,21.6041
May,2015,Midsouth,537.37746
May,2016,Midsouth,516.60596
May,2017,Midsouth,490.38066
May,2019,Midsouth,470.004
May,2015,Nashville,31.92548
May,2016,Nashville,62.14165
May,2017,Nashville,40.44099
May,2019,Nashville,28.775
May,2019,New Orleans/Mobile,23.832
May,2019,New York,236.422
May,2015,NewOrleansMobile,9.04296
May,2016,NewOrleansMobile,15.78259
May,2017,NewOrleansMobile,9.6699
May,2015,NewYork,99.97947
May,2016,NewYork,208.20407
May,2017,NewYork,306.47957
May,2015,Northeast,332.62606
May,2016,Northeast,632.15449
May,2017,Northeast,788.54675
May,2019,Northeast,723.619
May,2019,Northern New England,107.751
May,2015,NorthernNewEngland,40.17171
May,2016,NorthernNewEngland,41.75301
May,2017,NorthernNewEngland,79.40543
May,2015,Orlando,14.20219
May,2016,Orlando,30.63861
May,2017,Orlando,31.24783
May,2019,Orlando,8.481
May,2015,Philadelphia,29.5699
May,2016,Philadelphia,54.79453
May,2017,Philadelphia,67.08859
May,2019,Philadelphia,58.132
May,2019,Phoenix/Tucson,46.341
May,2015,PhoenixTucson,69.86455
May,2016,PhoenixTucson,90.63221
May,2017,PhoenixTucson,42.27049
May,2015,Pittsburgh,11.20886
May,2016,Pittsburgh,15.55046
May,2017,Pittsburgh,21.24191
May,2019,Pittsburgh,30.732
May,2015,Plains,152.83503
May,2016,Plains,238.91399
May,2017,Plains,295.13041
May,2019,Plains,295.308
May,2015,Portland,148.33729
May,2016,Portland,205.20713
May,2017,Portland,212.10672
May,2019,Portland,92.652
May,2019,Raleigh/Greensboro,48.355
May,2015,RaleighGreensboro,60.21142
May,2016,RaleighGreensboro,37.04385
May,2017,RaleighGreensboro,38.04808
May,2019,Richmond/Norfolk,44.721
May,2015,RichmondNorfolk,58.09898
May,2016,RichmondNorfolk,48.90754
May,2017,RichmondNorfolk,42.2097
May,2015,Roanoke,104.1304
May,2016,Roanoke,42.99462
May,2017,Roanoke,32.82448
May,2019,Roanoke,20.005
May,2015,Sacramento,71.02645
May,2016,Sacramento,55.46562
May,2017,Sacramento,23.19522
May,2019,Sacramento,33.627
May,2019,San Diego,58.362
May,2019,San Francisco,113.996
May,2015,SanDiego,54.88648
May,2016,SanDiego,96.56016
May,2017,SanDiego,67.26512
May,2015,SanFrancisco,148.09764
May,2016,SanFrancisco,189.32959
May,2017,SanFrancisco,87.65491
May,2015,Seattle,192.70719
May,2016,Seattle,245.6341
May,2017,Seattle,220.27489
May,2019,Seattle,230.904
May,2019,South Carolina,38.29
May,2019,South Central,463.55
May,2015,SouthCarolina,19.77277
May,2016,SouthCarolina,44.61097
May,2017,SouthCarolina,32.69083
May,2015,SouthCentral,269.95899
May,2016,SouthCentral,649.34787
May,2017,SouthCentral,616.96957
May,2015,Southeast,152.2019
May,2016,Southeast,300.37307
May,2017,Southeast,310.64387
May,2019,Southeast,171.717
May,2015,Spokane,17.34074
May,2016,Spokane,17.48099
May,2017,Spokane,20.83059
May,2019,Spokane,12.887
May,2019,St. Louis,34.658
May,2015,StLouis,18.15154
May,2016,StLouis,27.02743
May,2017,StLouis,26.14101
May,2015,Syracuse,11.87077
May,2016,Syracuse,17.32334
May,2017,Syracuse,14.53108
May,2019,Syracuse,14.321
May,2015,Tampa,12.18163
May,2016,Tampa,25.78268
May,2017,Tampa,25.12627
May,2019,Tampa,4.11
May,2019,Total U.S.,3951.065
May,2015,TotalUS,3967.53435
May,2016,TotalUS,5729.92752
May,2017,TotalUS,5282.01751
May,2015,West,1296.53354
May,2016,West,1624.9524
May,2017,West,1418.60007
May,2019,West,772.157
May,2019,West Tex/New Mexico,40.349
May,2015,WestTexNewMexico,70.57108
May,2016,WestTexNewMexico,222.46346
May,2017,WestTexNewMexico,70.5267
Jun,2015,Albany,5.34382
Jun,2016,Albany,4.79134
Jun,2017,Albany,12.57454
Jun,2015,Atlanta,19.89794
Jun,2016,Atlanta,62.02636
Jun,2017,Atlanta,108.48213
Jun,2015,BaltimoreWashington,50.39125
Jun,2016,BaltimoreWashington,78.88001
Jun,2017,BaltimoreWashington,95.24396
Jun,2015,Boise,7.25578
Jun,2016,Boise,18.26514
Jun,2017,Boise,14.59111
Jun,2015,Boston,12.29191
Jun,2016,Boston,46.80705
Jun,2017,Boston,88.69156
Jun,2015,BuffaloRochester,12.96898
Jun,2016,BuffaloRochester,25.92329
Jun,2017,BuffaloRochester,21.26446
Jun,2015,California,464.55092
Jun,2016,California,776.64765
Jun,2017,California,735.21792
Jun,2015,Charlotte,15.65985
Jun,2016,Charlotte,22.78292
Jun,2017,Charlotte,34.43354
Jun,2015,Chicago,73.02491
Jun,2016,Chicago,148.53717
Jun,2017,Chicago,162.09321
Jun,2015,CincinnatiDayton,54.65396
Jun,2016,CincinnatiDayton,78.74203
Jun,2017,CincinnatiDayton,92.16024
Jun,2015,Columbus,20.71306
Jun,2016,Columbus,41.21177
Jun,2017,Columbus,46.34675
Jun,2015,DallasFtWorth,40.62928
Jun,2016,DallasFtWorth,116.6841
Jun,2017,DallasFtWorth,122.5864
Jun,2015,Denver,127.4662
Jun,2016,Denver,91.21753
Jun,2017,Denver,87.85039
Jun,2015,Detroit,41.54783
Jun,2016,Detroit,100.67093
Jun,2017,Detroit,81.31499
Jun,2015,GrandRapids,5.09674
Jun,2016,GrandRapids,12.15616
Jun,2017,GrandRapids,5.05022
Jun,2015,GreatLakes,307.10106
Jun,2016,GreatLakes,612.7071
Jun,2017,GreatLakes,696.31138
Jun,2015,HarrisburgScranton,13.44232
Jun,2016,HarrisburgScranton,31.16199
Jun,2017,HarrisburgScranton,44.03488
Jun,2015,HartfordSpringfield,13.59638
Jun,2016,HartfordSpringfield,28.14471
Jun,2017,HartfordSpringfield,64.66136
Jun,2015,Houston,43.19989
Jun,2016,Houston,73.13097
Jun,2017,Houston,183.25741
Jun,2015,Indianapolis,7.27022
Jun,2016,Indianapolis,17.03005
Jun,2017,Indianapolis,40.82477
Jun,2015,Jacksonville,10.08786
Jun,2016,Jacksonville,14.91845
Jun,2017,Jacksonville,15.24311
Jun,2015,LasVegas,43.47963
Jun,2016,LasVegas,55.39029
Jun,2017,LasVegas,46.25302
Jun,2015,LosAngeles,180.17785
Jun,2016,LosAngeles,428.62443
Jun,2017,LosAngeles,454.30694
Jun,2015,Louisville,8.48182
Jun,2016,Louisville,15.60438
Jun,2017,Louisville,20.31204
Jun,2015,MiamiFtLauderdale,7.15471
Jun,2016,MiamiFtLauderdale,19.39943
Jun,2017,MiamiFtLauderdale,23.28796
Jun,2015,Midsouth,294.99525
Jun,2016,Midsouth,452.27167
Jun,2017,Midsouth,530.94299
Jun,2015,Nashville,22.86079
Jun,2016,Nashville,48.71666
Jun,2017,Nashville,47.84666
Jun,2015,NewOrleansMobile,9.29154
Jun,2016,NewOrleansMobile,12.17974
Jun,2017,NewOrleansMobile,3.9135
Jun,2015,NewYork,71.14538
Jun,2016,NewYork,136.61493
Jun,2017,NewYork,429.34282
Jun,2015,Northeast,228.50863
Jun,2016,Northeast,429.38444
Jun,2017,Northeast,933.35136
Jun,2015,NorthernNewEngland,33.26898
Jun,2016,NorthernNewEngland,33.02485
Jun,2017,NorthernNewEngland,82.31403
Jun,2015,Orlando,11.09434
Jun,2016,Orlando,26.14187
Jun,2017,Orlando,27.24504
Jun,2015,Philadelphia,19.96401
Jun,2016,Philadelphia,39.19345
Jun,2017,Philadelphia,83.95199
Jun,2015,PhoenixTucson,52.9296
Jun,2016,PhoenixTucson,58.01179
Jun,2017,PhoenixTucson,41.16237
Jun,2015,Pittsburgh,6.34598
Jun,2016,Pittsburgh,24.44166
Jun,2017,Pittsburgh,17.44366
Jun,2015,Plains,134.38502
Jun,2016,Plains,216.26355
Jun,2017,Plains,289.71427
Jun,2015,Portland,124.40997
Jun,2016,Portland,140.43297
Jun,2017,Portland,164.82991
Jun,2015,RaleighGreensboro,25.31195
Jun,2016,RaleighGreensboro,38.10377
Jun,2017,RaleighGreensboro,43.54091
Jun,2015,RichmondNorfolk,29.05373
Jun,2016,RichmondNorfolk,39.21591
Jun,2017,RichmondNorfolk,46.50635
Jun,2015,Roanoke,40.11243
Jun,2016,Roanoke,40.97558
Jun,2017,Roanoke,34.84801
Jun,2015,Sacramento,38.87086
Jun,2016,Sacramento,32.76717
Jun,2017,Sacramento,26.00909
Jun,2015,SanDiego,45.81346
Jun,2016,SanDiego,77.38125
Jun,2017,SanDiego,65.85931
Jun,2015,SanFrancisco,90.23108
Jun,2016,SanFrancisco,110.72758
Jun,2017,SanFrancisco,89.43213
Jun,2015,Seattle,149.62949
Jun,2016,Seattle,153.95294
Jun,2017,Seattle,200.53336
Jun,2015,SouthCarolina,14.44293
Jun,2016,SouthCarolina,41.6973
Jun,2017,SouthCarolina,55.53372
Jun,2015,SouthCentral,211.6168
Jun,2016,SouthCentral,466.41286
Jun,2017,SouthCentral,661.1583
Jun,2015,Southeast,113.06042
Jun,2016,Southeast,275.12791
Jun,2017,Southeast,381.59021
Jun,2015,Spokane,14.76812
Jun,2016,Spokane,11.07115
Jun,2017,Spokane,19.67818
Jun,2015,StLouis,13.44985
Jun,2016,StLouis,30.54273
Jun,2017,StLouis,35.19516
Jun,2015,Syracuse,6.04966
Jun,2016,Syracuse,10.56248
Jun,2017,Syracuse,12.27942
Jun,2015,Tampa,7.74681
Jun,2016,Tampa,23.01478
Jun,2017,Tampa,22.83253
Jun,2015,TotalUS,2584.68693
Jun,2016,TotalUS,4066.43892
Jun,2017,TotalUS,5155.97285
Jun,2015,West,830.46885
Jun,2016,West,837.62368
Jun,2017,West,927.68633
Jun,2015,WestTexNewMexico,49.42666
Jun,2016,WestTexNewMexico,83.75667
Jun,2017,WestTexNewMexico,47.05641
Jul,2015,Albany,5.2738
Jul,2016,Albany,11.46724
Jul,2017,Albany,13.77842
Jul,2015,Atlanta,27.22074
Jul,2016,Atlanta,80.52313
Jul,2017,Atlanta,92.71636
Jul,2015,BaltimoreWashington,38.55778
Jul,2016,BaltimoreWashington,88.13764
Jul,2017,BaltimoreWashington,172.50356
Jul,2015,Boise,7.70773
Jul,2016,Boise,18.64636
Jul,2017,Boise,13.16987
Jul,2015,Boston,12.65498
Jul,2016,Boston,59.15075
Jul,2017,Boston,118.18831
Jul,2015,BuffaloRochester,7.19656
Jul,2016,BuffaloRochester,18.85789
Jul,2017,BuffaloRochester,47.23077
Jul,2015,California,452.11759
Jul,2016,California,989.24831
Jul,2017,California,702.71177
Jul,2015,Charlotte,14.7242
Jul,2016,Charlotte,35.62255
Jul,2017,Charlotte,44.04165
Jul,2015,Chicago,84.4262
Jul,2016,Chicago,108.57176
Jul,2017,Chicago,188.56082
Jul,2015,CincinnatiDayton,59.37699
Jul,2016,CincinnatiDayton,93.64131
Jul,2017,CincinnatiDayton,113.19086
Jul,2015,Columbus,20.81053
Jul,2016,Columbus,48.17597
Jul,2017,Columbus,49.43246
Jul,2015,DallasFtWorth,48.99323
Jul,2016,DallasFtWorth,151.98939
Jul,2017,DallasFtWorth,139.03309
Jul,2015,Denver,114.42127
Jul,2016,Denver,132.57843
Jul,2017,Denver,86.3673
Jul,2015,Detroit,48.93295
Jul,2016,Detroit,102.08969
Jul,2017,Detroit,103.37425
Jul,2015,GrandRapids,4.72426
Jul,2016,GrandRapids,8.17551
Jul,2017,GrandRapids,31.75775
Jul,2015,GreatLakes,343.3065
Jul,2016,GreatLakes,610.53179
Jul,2017,GreatLakes,919.58907
Jul,2015,HarrisburgScranton,7.65752
Jul,2016,HarrisburgScranton,38.18047
Jul,2017,HarrisburgScranton,68.7332
Jul,2015,HartfordSpringfield,12.70619
Jul,2016,HartfordSpringfield,43.97372
Jul,2017,HartfordSpringfield,70.04222
Jul,2015,Houston,48.00526
Jul,2016,Houston,105.41875
Jul,2017,Houston,199.50794
Jul,2015,Indianapolis,12.32674
Jul,2016,Indianapolis,21.54829
Jul,2017,Indianapolis,46.09225
Jul,2015,Jacksonville,11.98035
Jul,2016,Jacksonville,21.85601
Jul,2017,Jacksonville,13.81218
Jul,2015,LasVegas,27.32634
Jul,2016,LasVegas,59.87728
Jul,2017,LasVegas,49.81399
Jul,2015,LosAngeles,181.54171
Jul,2016,LosAngeles,582.72475
Jul,2017,LosAngeles,442.66698
Jul,2015,Louisville,10.0832
Jul,2016,Louisville,15.42279
Jul,2017,Louisville,22.33253
Jul,2015,MiamiFtLauderdale,4.88213
Jul,2016,MiamiFtLauderdale,26.54053
Jul,2017,MiamiFtLauderdale,25.70978
Jul,2015,Midsouth,282.20793
Jul,2016,Midsouth,547.64662
Jul,2017,Midsouth,690.58585
Jul,2015,Nashville,31.80859
Jul,2016,Nashville,56.65235
Jul,2017,Nashville,48.42023
Jul,2015,NewOrleansMobile,8.162
Jul,2016,NewOrleansMobile,22.0334
Jul,2017,NewOrleansMobile,18.23328
Jul,2015,NewYork,46.84875
Jul,2016,NewYork,205.56991
Jul,2017,NewYork,362.56803
Jul,2015,Northeast,179.21299
Jul,2016,Northeast,596.46416
Jul,2017,Northeast,1058.48927
Jul,2015,NorthernNewEngland,34.81946
Jul,2016,NorthernNewEngland,66.86434
Jul,2017,NorthernNewEngland,89.69426
Jul,2015,Orlando,18.86503
Jul,2016,Orlando,40.71379
Jul,2017,Orlando,27.90523
Jul,2015,Philadelphia,14.05518
Jul,2016,Philadelphia,49.37637
Jul,2017,Philadelphia,99.57283
Jul,2015,PhoenixTucson,32.15237
Jul,2016,PhoenixTucson,64.08556
Jul,2017,PhoenixTucson,53.20813
Jul,2015,Pittsburgh,4.60759
Jul,2016,Pittsburgh,23.70655
Jul,2017,Pittsburgh,46.04574
Jul,2015,Plains,130.40223
Jul,2016,Plains,255.3324
Jul,2017,Plains,301.6436
Jul,2015,Portland,128.56959
Jul,2016,Portland,152.16775
Jul,2017,Portland,159.60983
Jul,2015,RaleighGreensboro,25.98972
Jul,2016,RaleighGreensboro,62.36293
Jul,2017,RaleighGreensboro,49.68998
Jul,2015,RichmondNorfolk,25.48638
Jul,2016,RichmondNorfolk,42.70134
Jul,2017,RichmondNorfolk,65.60324
Jul,2015,Roanoke,32.23851
Jul,2016,Roanoke,40.18596
Jul,2017,Roanoke,38.99906
Jul,2015,Sacramento,41.22024
Jul,2016,Sacramento,39.89533
Jul,2017,Sacramento,25.95564
Jul,2015,SanDiego,45.54799
Jul,2016,SanDiego,87.83664
Jul,2017,SanDiego,79.44675
Jul,2015,SanFrancisco,81.96023
Jul,2016,SanFrancisco,130.10119
Jul,2017,SanFrancisco,61.63245
Jul,2015,Seattle,132.25168
Jul,2016,Seattle,189.49693
Jul,2017,Seattle,156.25028
Jul,2015,SouthCarolina,16.38326
Jul,2016,SouthCarolina,60.39197
Jul,2017,SouthCarolina,69.23016
Jul,2015,SouthCentral,242.25952
Jul,2016,SouthCentral,615.91272
Jul,2017,SouthCentral,749.64252
Jul,2015,Southeast,134.75916
Jul,2016,Southeast,375.06968
Jul,2017,Southeast,425.59369
Jul,2015,Spokane,12.75314
Jul,2016,Spokane,12.48389
Jul,2017,Spokane,18.11807
Jul,2015,StLouis,14.39344
Jul,2016,StLouis,31.67019
Jul,2017,StLouis,40.5991
Jul,2015,Syracuse,2.98593
Jul,2016,Syracuse,11.80762
Jul,2017,Syracuse,21.59461
Jul,2015,Tampa,6.29248
Jul,2016,Tampa,30.07786
Jul,2017,Tampa,21.29183
Jul,2015,TotalUS,2508.293
Jul,2016,TotalUS,5000.71982
Jul,2017,TotalUS,5757.87157
Jul,2015,West,744.02891
Jul,2016,West,1010.51413
Jul,2017,West,909.61555
Jul,2015,WestTexNewMexico,35.34818
Jul,2016,WestTexNewMexico,98.92722
Jul,2017,WestTexNewMexico,94.63516
Aug,2015,Albany,6.62744
Aug,2016,Albany,7.00329
Aug,2017,Albany,9.94577
Aug,2015,Atlanta,37.64002
Aug,2016,Atlanta,68.27232
Aug,2017,Atlanta,59.78101
Aug,2015,BaltimoreWashington,59.53281
Aug,2016,BaltimoreWashington,69.5579
Aug,2017,BaltimoreWashington,162.89488
Aug,2015,Boise,9.54431
Aug,2016,Boise,9.11296
Aug,2017,Boise,7.213
Aug,2015,Boston,14.72124
Aug,2016,Boston,36.50822
Aug,2017,Boston,86.27822
Aug,2015,BuffaloRochester,12.26132
Aug,2016,BuffaloRochester,14.07145
Aug,2017,BuffaloRochester,42.33797
Aug,2015,California,463.44393
Aug,2016,California,771.06817
Aug,2017,California,518.77477
Aug,2015,Charlotte,21.98357
Aug,2016,Charlotte,38.35704
Aug,2017,Charlotte,40.9939
Aug,2015,Chicago,147.49024
Aug,2016,Chicago,113.26527
Aug,2017,Chicago,71.62089
Aug,2015,CincinnatiDayton,74.12059
Aug,2016,CincinnatiDayton,93.25508
Aug,2017,CincinnatiDayton,39.34398
Aug,2015,Columbus,19.36644
Aug,2016,Columbus,34.08917
Aug,2017,Columbus,29.78773
Aug,2015,DallasFtWorth,74.71088
Aug,2016,DallasFtWorth,231.81547
Aug,2017,DallasFtWorth,82.45269
Aug,2015,Denver,161.63781
Aug,2016,Denver,71.00842
Aug,2017,Denver,80.05525
Aug,2015,Detroit,48.63336
Aug,2016,Detroit,66.05551
Aug,2017,Detroit,69.10352
Aug,2015,GrandRapids,15.47832
Aug,2016,GrandRapids,8.02809
Aug,2017,GrandRapids,28.38322
Aug,2015,GreatLakes,462.09866
Aug,2016,GreatLakes,513.48729
Aug,2017,GreatLakes,538.69984
Aug,2015,HarrisburgScranton,12.7771
Aug,2016,HarrisburgScranton,20.42556
Aug,2017,HarrisburgScranton,57.11584
Aug,2015,HartfordSpringfield,17.07739
Aug,2016,HartfordSpringfield,21.40387
Aug,2017,HartfordSpringfield,56.91502
Aug,2015,Houston,59.21212
Aug,2016,Houston,134.57247
Aug,2017,Houston,114.17151
Aug,2015,Indianapolis,12.39403
Aug,2016,Indianapolis,19.58953
Aug,2017,Indianapolis,34.32718
Aug,2015,Jacksonville,13.16721
Aug,2016,Jacksonville,13.39229
Aug,2017,Jacksonville,9.50441
Aug,2015,LasVegas,42.22626
Aug,2016,LasVegas,34.85242
Aug,2017,LasVegas,34.29252
Aug,2015,LosAngeles,206.60752
Aug,2016,LosAngeles,480.40481
Aug,2017,LosAngeles,278.26714
Aug,2015,Louisville,13.35083
Aug,2016,Louisville,13.763
Aug,2017,Louisville,13.04262
Aug,2015,MiamiFtLauderdale,5.95633
Aug,2016,MiamiFtLauderdale,19.21953
Aug,2017,MiamiFtLauderdale,16.23981
Aug,2015,Midsouth,364.07754
Aug,2016,Midsouth,490.98495
Aug,2017,Midsouth,556.89633
Aug,2015,Nashville,37.59627
Aug,2016,Nashville,42.46787
Aug,2017,Nashville,29.39003
Aug,2015,NewOrleansMobile,13.69781
Aug,2016,NewOrleansMobile,17.51302
Aug,2017,NewOrleansMobile,29.71303
Aug,2015,NewYork,79.16774
Aug,2016,NewYork,102.4232
Aug,2017,NewYork,326.52526
Aug,2015,Northeast,262.92215
Aug,2016,Northeast,341.97631
Aug,2017,Northeast,883.00343
Aug,2015,NorthernNewEngland,43.28046
Aug,2016,NorthernNewEngland,34.89701
Aug,2017,NorthernNewEngland,66.45197
Aug,2015,Orlando,21.33854
Aug,2016,Orlando,26.13285
Aug,2017,Orlando,25.5764
Aug,2015,Philadelphia,23.52318
Aug,2016,Philadelphia,33.16484
Aug,2017,Philadelphia,93.50906
Aug,2015,PhoenixTucson,50.15044
Aug,2016,PhoenixTucson,36.5797
Aug,2017,PhoenixTucson,48.15959
Aug,2015,Pittsburgh,9.08111
Aug,2016,Pittsburgh,21.13484
Aug,2017,Pittsburgh,36.23763
Aug,2015,Plains,165.89549
Aug,2016,Plains,212.33622
Aug,2017,Plains,262.01529
Aug,2015,Portland,134.06968
Aug,2016,Portland,105.69326
Aug,2017,Portland,78.30991
Aug,2015,RaleighGreensboro,32.97233
Aug,2016,RaleighGreensboro,57.1508
Aug,2017,RaleighGreensboro,50.19011
Aug,2015,RichmondNorfolk,29.84858
Aug,2016,RichmondNorfolk,39.00795
Aug,2017,RichmondNorfolk,48.54649
Aug,2015,Roanoke,35.24026
Aug,2016,Roanoke,41.61424
Aug,2017,Roanoke,27.92545
Aug,2015,Sacramento,37.42018
Aug,2016,Sacramento,28.50443
Aug,2017,Sacramento,30.97911
Aug,2015,SanDiego,48.11138
Aug,2016,SanDiego,62.32797
Aug,2017,SanDiego,50.74491
Aug,2015,SanFrancisco,75.10302
Aug,2016,SanFrancisco,94.53069
Aug,2017,SanFrancisco,76.50077
Aug,2015,Seattle,185.43686
Aug,2016,Seattle,109.13409
Aug,2017,Seattle,108.64306
Aug,2015,SouthCarolina,21.24453
Aug,2016,SouthCarolina,54.42995
Aug,2017,SouthCarolina,54.57954
Aug,2015,SouthCentral,347.85505
Aug,2016,SouthCentral,844.34162
Aug,2017,SouthCentral,495.14615
Aug,2015,Southeast,165.47071
Aug,2016,Southeast,288.59869
Aug,2017,Southeast,307.38466
Aug,2015,Spokane,14.40383
Aug,2016,Spokane,7.56418
Aug,2017,Spokane,11.44256
Aug,2015,StLouis,19.28923
Aug,2016,StLouis,34.56453
Aug,2017,StLouis,22.58352
Aug,2015,Syracuse,5.33768
Aug,2016,Syracuse,7.89645
Aug,2017,Syracuse,19.03858
Aug,2015,Tampa,5.91679
Aug,2016,Tampa,17.27792
Aug,2017,Tampa,14.51488
Aug,2015,TotalUS,3180.10391
Aug,2016,TotalUS,4087.22538
Aug,2017,TotalUS,4192.21048
Aug,2015,West,948.34094
Aug,2016,West,624.43206
Aug,2017,West,630.28996
Aug,2015,WestTexNewMexico,52.87649
Aug,2016,WestTexNewMexico,63.43049
Aug,2017,WestTexNewMexico,50.60427
Sep,2015,Albany,3.65969
Sep,2016,Albany,9.85342
Sep,2017,Albany,12.22022
Sep,2015,Atlanta,23.72596
Sep,2016,Atlanta,44.2696
Sep,2017,Atlanta,68.15101
Sep,2015,BaltimoreWashington,44.85471
Sep,2016,BaltimoreWashington,83.86268
Sep,2017,BaltimoreWashington,243.93742
Sep,2015,Boise,3.99974
Sep,2016,Boise,10.93338
Sep,2017,Boise,6.35924
Sep,2015,Boston,11.27438
Sep,2016,Boston,63.77494
Sep,2017,Boston,110.25671
Sep,2015,BuffaloRochester,14.31864
Sep,2016,BuffaloRochester,13.24246
Sep,2017,BuffaloRochester,33.89857
Sep,2015,California,359.19641
Sep,2016,California,628.97072
Sep,2017,California,573.25257
Sep,2015,Charlotte,15.32159
Sep,2016,Charlotte,35.22816
Sep,2017,Charlotte,39.79424
Sep,2015,Chicago,106.84338
Sep,2016,Chicago,108.64644
Sep,2017,Chicago,108.0072
Sep,2015,CincinnatiDayton,52.88308
Sep,2016,CincinnatiDayton,75.59421
Sep,2017,CincinnatiDayton,51.86137
Sep,2015,Columbus,14.19041
Sep,2016,Columbus,39.80671
Sep,2017,Columbus,34.46105
Sep,2015,DallasFtWorth,50.38498
Sep,2016,DallasFtWorth,95.68465
Sep,2017,DallasFtWorth,89.73372
Sep,2015,Denver,112.28809
Sep,2016,Denver,80.13269
Sep,2017,Denver,70.07297
Sep,2015,Detroit,34.4627
Sep,2016,Detroit,79.27154
Sep,2017,Detroit,82.9808
Sep,2015,GrandRapids,8.22696
Sep,2016,GrandRapids,5.81425
Sep,2017,GrandRapids,33.71618
Sep,2015,GreatLakes,325.57825
Sep,2016,GreatLakes,499.43733
Sep,2017,GreatLakes,637.02168
Sep,2015,HarrisburgScranton,8.31561
Sep,2016,HarrisburgScranton,33.63711
Sep,2017,HarrisburgScranton,85.91192
Sep,2015,HartfordSpringfield,14.18692
Sep,2016,HartfordSpringfield,42.0821
Sep,2017,HartfordSpringfield,71.15714
Sep,2015,Houston,47.38271
Sep,2016,Houston,174.38965
Sep,2017,Houston,81.32776
Sep,2015,Indianapolis,8.98042
Sep,2016,Indianapolis,15.982
Sep,2017,Indianapolis,33.82134
Sep,2015,Jacksonville,6.88899
Sep,2016,Jacksonville,14.65168
Sep,2017,Jacksonville,16.32874
Sep,2015,LasVegas,19.67721
Sep,2016,LasVegas,27.52813
Sep,2017,LasVegas,24.05481
Sep,2015,LosAngeles,167.85841
Sep,2016,LosAngeles,353.20029
Sep,2017,LosAngeles,273.65121
Sep,2015,Louisville,7.88609
Sep,2016,Louisville,12.50465
Sep,2017,Louisville,15.03499
Sep,2015,MiamiFtLauderdale,5.63396
Sep,2016,MiamiFtLauderdale,14.81765
Sep,2017,MiamiFtLauderdale,10.23247
Sep,2015,Midsouth,243.72501
Sep,2016,Midsouth,495.09138
Sep,2017,Midsouth,671.48328
Sep,2015,Nashville,23.5015
Sep,2016,Nashville,41.61842
Sep,2017,Nashville,35.22938
Sep,2015,NewOrleansMobile,8.79047
Sep,2016,NewOrleansMobile,14.38162
Sep,2017,NewOrleansMobile,26.91474
Sep,2015,NewYork,68.93451
Sep,2016,NewYork,192.74223
Sep,2017,NewYork,313.65128
Sep,2015,Northeast,203.3743
Sep,2016,Northeast,542.00943
Sep,2017,Northeast,961.51032
Sep,2015,NorthernNewEngland,26.57604
Sep,2016,NorthernNewEngland,56.83822
Sep,2017,NorthernNewEngland,61.82543
Sep,2015,Orlando,11.97532
Sep,2016,Orlando,25.65006
Sep,2017,Orlando,24.46264
Sep,2015,Philadelphia,18.11223
Sep,2016,Philadelphia,49.58625
Sep,2017,Philadelphia,126.55978
Sep,2015,PhoenixTucson,30.20091
Sep,2016,PhoenixTucson,31.2183
Sep,2017,PhoenixTucson,47.60312
Sep,2015,Pittsburgh,6.33453
Sep,2016,Pittsburgh,27.76963
Sep,2017,Pittsburgh,39.85612
Sep,2015,Plains,118.32514
Sep,2016,Plains,188.08372
Sep,2017,Plains,214.20572
Sep,2015,Portland,72.4409
Sep,2016,Portland,121.8161
Sep,2017,Portland,60.03497
Sep,2015,RaleighGreensboro,22.57846
Sep,2016,RaleighGreensboro,55.8005
Sep,2017,RaleighGreensboro,52.7933
Sep,2015,RichmondNorfolk,16.9712
Sep,2016,RichmondNorfolk,41.14811
Sep,2017,RichmondNorfolk,55.03451
Sep,2015,Roanoke,23.43705
Sep,2016,Roanoke,42.43641
Sep,2017,Roanoke,31.70326
Sep,2015,Sacramento,24.44916
Sep,2016,Sacramento,27.99166
Sep,2017,Sacramento,32.78438
Sep,2015,SanDiego,38.88601
Sep,2016,SanDiego,54.25944
Sep,2017,SanDiego,54.78344
Sep,2015,SanFrancisco,57.30951
Sep,2016,SanFrancisco,93.76258
Sep,2017,SanFrancisco,102.45814
Sep,2015,Seattle,89.26981
Sep,2016,Seattle,127.67983
Sep,2017,Seattle,103.06953
Sep,2015,SouthCarolina,13.94672
Sep,2016,SouthCarolina,41.0116
Sep,2017,SouthCarolina,55.62009
Sep,2015,SouthCentral,261.34227
Sep,2016,SouthCentral,595.10796
Sep,2017,SouthCentral,450.61132
Sep,2015,Southeast,105.59359
Sep,2016,Southeast,233.74598
Sep,2017,Southeast,317.52632
Sep,2015,Spokane,7.18564
Sep,2016,Spokane,9.73408
Sep,2017,Spokane,10.75406
Sep,2015,StLouis,15.62773
Sep,2016,StLouis,26.11216
Sep,2017,StLouis,17.47466
Sep,2015,Syracuse,5.23357
Sep,2016,Syracuse,6.64699
Sep,2017,Syracuse,16.98499
Sep,2015,Tampa,5.71065
Sep,2016,Tampa,13.90009
Sep,2017,Tampa,11.91024
Sep,2015,TotalUS,2162.9125
Sep,2016,TotalUS,3836.09714
Sep,2017,TotalUS,4369.50527
Sep,2015,West,545.77756
Sep,2016,West,653.65061
Sep,2017,West,543.89397
Sep,2015,WestTexNewMexico,30.33747
Sep,2016,WestTexNewMexico,43.67699
Sep,2017,WestTexNewMexico,39.50771
Oct,2015,Albany,4.44708
Oct,2016,Albany,9.85294
Oct,2017,Albany,23.09768
Oct,2015,Atlanta,25.83805
Oct,2016,Atlanta,68.34563
Oct,2017,Atlanta,67.32161
Oct,2015,BaltimoreWashington,39.75006
Oct,2016,BaltimoreWashington,88.32873
Oct,2017,BaltimoreWashington,257.40816
Oct,2015,Boise,5.47544
Oct,2016,Boise,8.89165
Oct,2017,Boise,8.18613
Oct,2015,Boston,31.34212
Oct,2016,Boston,46.9484
Oct,2017,Boston,163.56485
Oct,2015,BuffaloRochester,13.97896
Oct,2016,BuffaloRochester,5.13555
Oct,2017,BuffaloRochester,62.7592
Oct,2015,California,329.47317
Oct,2016,California,535.55352
Oct,2017,California,634.32003
Oct,2015,Charlotte,14.62733
Oct,2016,Charlotte,48.45192
Oct,2017,Charlotte,50.68518
Oct,2015,Chicago,82.38726
Oct,2016,Chicago,145.91959
Oct,2017,Chicago,187.34015
Oct,2015,CincinnatiDayton,42.643
Oct,2016,CincinnatiDayton,78.98908
Oct,2017,CincinnatiDayton,58.26307
Oct,2015,Columbus,16.14139
Oct,2016,Columbus,56.77782
Oct,2017,Columbus,50.61946
Oct,2015,DallasFtWorth,45.66814
Oct,2016,DallasFtWorth,107.2282
Oct,2017,DallasFtWorth,102.0633
Oct,2015,Denver,109.29037
Oct,2016,Denver,96.40777
Oct,2017,Denver,116.29613
Oct,2015,Detroit,30.46814
Oct,2016,Detroit,98.95322
Oct,2017,Detroit,103.59298
Oct,2015,GrandRapids,7.4884
Oct,2016,GrandRapids,5.74167
Oct,2017,GrandRapids,46.65533
Oct,2015,GreatLakes,292.63443
Oct,2016,GreatLakes,650.54695
Oct,2017,GreatLakes,937.04395
Oct,2015,HarrisburgScranton,8.22395
Oct,2016,HarrisburgScranton,22.07759
Oct,2017,HarrisburgScranton,108.49521
Oct,2015,HartfordSpringfield,11.98021
Oct,2016,HartfordSpringfield,25.06321
Oct,2017,HartfordSpringfield,82.88528
Oct,2015,Houston,43.57224
Oct,2016,Houston,190.51417
Oct,2017,Houston,120.25106
Oct,2015,Indianapolis,8.73581
Oct,2016,Indianapolis,17.0158
Oct,2017,Indianapolis,42.56527
Oct,2015,Jacksonville,8.67127
Oct,2016,Jacksonville,14.55537
Oct,2017,Jacksonville,11.40547
Oct,2015,LasVegas,17.65303
Oct,2016,LasVegas,20.0299
Oct,2017,LasVegas,32.20554
Oct,2015,LosAngeles,145.04299
Oct,2016,LosAngeles,289.35082
Oct,2017,LosAngeles,317.77878
Oct,2015,Louisville,5.87473
Oct,2016,Louisville,13.55932
Oct,2017,Louisville,17.75261
Oct,2015,MiamiFtLauderdale,5.75067
Oct,2016,MiamiFtLauderdale,4.00598
Oct,2017,MiamiFtLauderdale,18.2721
Oct,2015,Midsouth,226.74351
Oct,2016,Midsouth,559.97618
Oct,2017,Midsouth,824.88274
Oct,2015,Nashville,19.82525
Oct,2016,Nashville,48.79459
Oct,2017,Nashville,38.91314
Oct,2015,NewOrleansMobile,12.64129
Oct,2016,NewOrleansMobile,11.09314
Oct,2017,NewOrleansMobile,17.88938
Oct,2015,NewYork,56.63527
Oct,2016,NewYork,113.73747
Oct,2017,NewYork,341.18594
Oct,2015,Northeast,216.64618
Oct,2016,Northeast,390.88339
Oct,2017,Northeast,1309.94219
Oct,2015,NorthernNewEngland,33.53896
Oct,2016,NorthernNewEngland,50.38541
Oct,2017,NorthernNewEngland,124.92802
Oct,2015,Orlando,11.9868
Oct,2016,Orlando,17.86903
Oct,2017,Orlando,31.50872
Oct,2015,Philadelphia,13.89845
Oct,2016,Philadelphia,30.95573
Oct,2017,Philadelphia,159.6094
Oct,2015,PhoenixTucson,35.0846
Oct,2016,PhoenixTucson,31.30569
Oct,2017,PhoenixTucson,56.53986
Oct,2015,Pittsburgh,6.51833
Oct,2016,Pittsburgh,46.42208
Oct,2017,Pittsburgh,63.70262
Oct,2015,Plains,121.44992
Oct,2016,Plains,196.31999
Oct,2017,Plains,280.06948
Oct,2015,Portland,95.81787
Oct,2016,Portland,85.90871
Oct,2017,Portland,82.90236
Oct,2015,RaleighGreensboro,23.56048
Oct,2016,RaleighGreensboro,65.80848
Oct,2017,RaleighGreensboro,71.54067
Oct,2015,RichmondNorfolk,19.07293
Oct,2016,RichmondNorfolk,44.58772
Oct,2017,RichmondNorfolk,68.92828
Oct,2015,Roanoke,23.53532
Oct,2016,Roanoke,45.57788
Oct,2017,Roanoke,46.91671
Oct,2015,Sacramento,22.56636
Oct,2016,Sacramento,27.56076
Oct,2017,Sacramento,37.22951
Oct,2015,SanDiego,32.70297
Oct,2016,SanDiego,51.43988
Oct,2017,SanDiego,63.18747
Oct,2015,SanFrancisco,61.33192
Oct,2016,SanFrancisco,80.2641
Oct,2017,SanFrancisco,100.87105
Oct,2015,Seattle,109.6633
Oct,2016,Seattle,120.74997
Oct,2017,Seattle,134.77181
Oct,2015,SouthCarolina,16.97248
Oct,2016,SouthCarolina,46.42873
Oct,2017,SouthCarolina,72.75001
Oct,2015,SouthCentral,245.18881
Oct,2016,SouthCentral,625.44058
Oct,2017,SouthCentral,544.60427
Oct,2015,Southeast,123.98362
Oct,2016,Southeast,256.62233
Oct,2017,Southeast,415.35544
Oct,2015,Spokane,8.201
Oct,2016,Spokane,8.63642
Oct,2017,Spokane,14.46221
Oct,2015,StLouis,22.93504
Oct,2016,StLouis,41.13543
Oct,2017,StLouis,32.77411
Oct,2015,Syracuse,5.69491
Oct,2016,Syracuse,4.66604
Oct,2017,Syracuse,32.07622
Oct,2015,Tampa,5.39658
Oct,2016,Tampa,17.45872
Oct,2017,Tampa,28.66205
Oct,2015,TotalUS,2156.1508
Oct,2016,TotalUS,3832.63983
Oct,2017,TotalUS,5713.24643
Oct,2015,West,600.03107
Oct,2016,West,617.29688
Oct,2017,West,767.02825
Oct,2015,WestTexNewMexico,29.51819
Oct,2016,WestTexNewMexico,27.39006
Oct,2017,WestTexNewMexico,56.79046
Nov,2015,Albany,5.25301
Nov,2016,Albany,8.26785
Nov,2017,Albany,11.43815
Nov,2015,Atlanta,23.87286
Nov,2016,Atlanta,41.03957
Nov,2017,Atlanta,45.93274
Nov,2015,BaltimoreWashington,44.00262
Nov,2016,BaltimoreWashington,51.99705
Nov,2017,BaltimoreWashington,130.15423
Nov,2015,Boise,6.75699
Nov,2016,Boise,7.98587
Nov,2017,Boise,8.35996
Nov,2015,Boston,37.99149
Nov,2016,Boston,40.49054
Nov,2017,Boston,102.51282
Nov,2015,BuffaloRochester,13.51031
Nov,2016,BuffaloRochester,6.60038
Nov,2017,BuffaloRochester,37.44925
Nov,2015,California,475.39447
Nov,2016,California,460.57548
Nov,2017,California,505.39524
Nov,2015,Charlotte,15.02899
Nov,2016,Charlotte,32.65007
Nov,2017,Charlotte,35.2715
Nov,2015,Chicago,122.72098
Nov,2016,Chicago,102.2471
Nov,2017,Chicago,130.44485
Nov,2015,CincinnatiDayton,44.65582
Nov,2016,CincinnatiDayton,69.77422
Nov,2017,CincinnatiDayton,41.45162
Nov,2015,Columbus,18.5169
Nov,2016,Columbus,39.84628
Nov,2017,Columbus,31.37843
Nov,2015,DallasFtWorth,55.26388
Nov,2016,DallasFtWorth,91.43601
Nov,2017,DallasFtWorth,75.08014
Nov,2015,Denver,188.76095
Nov,2016,Denver,79.54052
Nov,2017,Denver,67.71659
Nov,2015,Detroit,34.29191
Nov,2016,Detroit,82.19472
Nov,2017,Detroit,67.62073
Nov,2015,GrandRapids,8.03401
Nov,2016,GrandRapids,4.40397
Nov,2017,GrandRapids,30.85052
Nov,2015,GreatLakes,352.18553
Nov,2016,GreatLakes,510.68116
Nov,2017,GreatLakes,603.1959
Nov,2015,HarrisburgScranton,8.67995
Nov,2016,HarrisburgScranton,21.03291
Nov,2017,HarrisburgScranton,67.34181
Nov,2015,HartfordSpringfield,13.43617
Nov,2016,HartfordSpringfield,28.77218
Nov,2017,HartfordSpringfield,47.69784
Nov,2015,Houston,44.86308
Nov,2016,Houston,147.05247
Nov,2017,Houston,90.82971
Nov,2015,Indianapolis,8.43547
Nov,2016,Indianapolis,13.6901
Nov,2017,Indianapolis,29.77397
Nov,2015,Jacksonville,8.75298
Nov,2016,Jacksonville,16.54604
Nov,2017,Jacksonville,12.99502
Nov,2015,LasVegas,24.3126
Nov,2016,LasVegas,31.18948
Nov,2017,LasVegas,29.6411
Nov,2015,LosAngeles,239.33874
Nov,2016,LosAngeles,255.10707
Nov,2017,LosAngeles,257.03624
Nov,2015,Louisville,6.27849
Nov,2016,Louisville,16.71216
Nov,2017,Louisville,10.55923
Nov,2015,MiamiFtLauderdale,6.60918
Nov,2016,MiamiFtLauderdale,11.38701
Nov,2017,MiamiFtLauderdale,24.84236
Nov,2015,Midsouth,241.35454
Nov,2016,Midsouth,441.57988
Nov,2017,Midsouth,495.49672
Nov,2015,Nashville,24.66137
Nov,2016,Nashville,47.08294
Nov,2017,Nashville,22.93103
Nov,2015,NewOrleansMobile,10.37366
Nov,2016,NewOrleansMobile,15.14621
Nov,2017,NewOrleansMobile,23.31157
Nov,2015,NewYork,63.382
Nov,2016,NewYork,131.1355
Nov,2017,NewYork,277.43661
Nov,2015,Northeast,260.11006
Nov,2016,Northeast,376.48641
Nov,2017,Northeast,865.64397
Nov,2015,NorthernNewEngland,44.31738
Nov,2016,NorthernNewEngland,41.56421
Nov,2017,NorthernNewEngland,87.8434
Nov,2015,Orlando,13.55745
Nov,2016,Orlando,22.89335
Nov,2017,Orlando,23.85603
Nov,2015,Philadelphia,18.07474
Nov,2016,Philadelphia,33.53791
Nov,2017,Philadelphia,91.8609
Nov,2015,PhoenixTucson,37.21423
Nov,2016,PhoenixTucson,34.29775
Nov,2017,PhoenixTucson,45.93138
Nov,2015,Pittsburgh,6.35995
Nov,2016,Pittsburgh,30.1088
Nov,2017,Pittsburgh,43.20638
Nov,2015,Plains,149.41543
Nov,2016,Plains,191.60953
Nov,2017,Plains,196.10415
Nov,2015,Portland,176.22388
Nov,2016,Portland,102.14643
Nov,2017,Portland,89.15136
Nov,2015,RaleighGreensboro,22.25213
Nov,2016,RaleighGreensboro,45.80454
Nov,2017,RaleighGreensboro,42.9098
Nov,2015,RichmondNorfolk,18.75808
Nov,2016,RichmondNorfolk,35.97141
Nov,2017,RichmondNorfolk,42.21872
Nov,2015,Roanoke,21.21679
Nov,2016,Roanoke,38.75017
Nov,2017,Roanoke,29.99627
Nov,2015,Sacramento,26.01497
Nov,2016,Sacramento,20.95631
Nov,2017,Sacramento,29.61302
Nov,2015,SanDiego,41.25821
Nov,2016,SanDiego,40.36924
Nov,2017,SanDiego,51.85931
Nov,2015,SanFrancisco,80.12176
Nov,2016,SanFrancisco,73.27535
Nov,2017,SanFrancisco,72.8803
Nov,2015,Seattle,196.7964
Nov,2016,Seattle,140.8354
Nov,2017,Seattle,112.57462
Nov,2015,SouthCarolina,19.03884
Nov,2016,SouthCarolina,38.95623
Nov,2017,SouthCarolina,53.33474
Nov,2015,SouthCentral,270.04899
Nov,2016,SouthCentral,518.65126
Nov,2017,SouthCentral,424.00819
Nov,2015,Southeast,140.92315
Nov,2016,Southeast,242.64536
Nov,2017,Southeast,329.76013
Nov,2015,Spokane,11.92584
Nov,2016,Spokane,9.69115
Nov,2017,Spokane,11.83343
Nov,2015,StLouis,26.80806
Nov,2016,StLouis,33.81252
Nov,2017,StLouis,23.72124
Nov,2015,Syracuse,6.01748
Nov,2016,Syracuse,4.38269
Nov,2017,Syracuse,17.3712
Nov,2015,Tampa,9.82133
Nov,2016,Tampa,21.60219
Nov,2017,Tampa,23.756
Nov,2015,TotalUS,2856.44115
Nov,2016,TotalUS,3383.6159
Nov,2017,TotalUS,4038.80837
Nov,2015,West,967.00894
Nov,2016,West,641.3868
Nov,2017,West,619.20395
Nov,2015,WestTexNewMexico,33.96279
Nov,2016,WestTexNewMexico,44.02356
Nov,2017,WestTexNewMexico,53.25991
Dec,2015,Albany,4.30696
Dec,2016,Albany,6.43912
Dec,2017,Albany,18.02877
Dec,2015,Atlanta,15.1798
Dec,2016,Atlanta,38.12139
Dec,2017,Atlanta,67.98727
Dec,2015,BaltimoreWashington,45.61885
Dec,2016,BaltimoreWashington,61.32742
Dec,2017,BaltimoreWashington,191.26913
Dec,2015,Boise,9.42115
Dec,2016,Boise,12.62744
Dec,2017,Boise,10.91018
Dec,2015,Boston,32.7759
Dec,2016,Boston,50.98509
Dec,2017,Boston,123.47235
Dec,2015,BuffaloRochester,17.22056
Dec,2016,BuffaloRochester,9.9747
Dec,2017,BuffaloRochester,51.09822
Dec,2015,California,388.18711
Dec,2016,California,500.71864
Dec,2017,California,676.46085
Dec,2015,Charlotte,11.09697
Dec,2016,Charlotte,27.27179
Dec,2017,Charlotte,50.24435
Dec,2015,Chicago,94.58851
Dec,2016,Chicago,162.79801
Dec,2017,Chicago,175.88662
Dec,2015,CincinnatiDayton,31.55689
Dec,2016,CincinnatiDayton,67.66105
Dec,2017,CincinnatiDayton,52.27424
Dec,2015,Columbus,10.76312
Dec,2016,Columbus,22.83171
Dec,2017,Columbus,42.21515
Dec,2015,DallasFtWorth,44.67113
Dec,2016,DallasFtWorth,82.8382
Dec,2017,DallasFtWorth,101.53206
Dec,2015,Denver,116.51269
Dec,2016,Denver,117.74209
Dec,2017,Denver,130.22409
Dec,2015,Detroit,24.54553
Dec,2016,Detroit,46.61182
Dec,2017,Detroit,93.94517
Dec,2015,GrandRapids,7.73847
Dec,2016,GrandRapids,7.76082
Dec,2017,GrandRapids,33.78219
Dec,2015,GreatLakes,266.28941
Dec,2016,GreatLakes,492.99768
Dec,2017,GreatLakes,823.03731
Dec,2015,HarrisburgScranton,17.80121
Dec,2016,HarrisburgScranton,28.16102
Dec,2017,HarrisburgScranton,93.48643
Dec,2015,HartfordSpringfield,19.18809
Dec,2016,HartfordSpringfield,32.10947
Dec,2017,HartfordSpringfield,67.96146
Dec,2015,Houston,39.56341
Dec,2016,Houston,90.60592
Dec,2017,Houston,131.87053
Dec,2015,Indianapolis,7.50278
Dec,2016,Indianapolis,15.38202
Dec,2017,Indianapolis,41.7436
Dec,2015,Jacksonville,7.05723
Dec,2016,Jacksonville,14.19967
Dec,2017,Jacksonville,13.2151
Dec,2015,LasVegas,19.58265
Dec,2016,LasVegas,27.79614
Dec,2017,LasVegas,41.99836
Dec,2015,LosAngeles,200.61766
Dec,2016,LosAngeles,303.01401
Dec,2017,LosAngeles,354.2658
Dec,2015,Louisville,4.2902
Dec,2016,Louisville,8.13671
Dec,2017,Louisville,18.75449
Dec,2015,MiamiFtLauderdale,5.13912
Dec,2016,MiamiFtLauderdale,14.9959
Dec,2017,MiamiFtLauderdale,34.09626
Dec,2015,Midsouth,185.45679
Dec,2016,Midsouth,320.02981
Dec,2017,Midsouth,686.01275
Dec,2015,Nashville,16.45998
Dec,2016,Nashville,21.30069
Dec,2017,Nashville,31.41788
Dec,2015,NewOrleansMobile,7.77867
Dec,2016,NewOrleansMobile,11.94189
Dec,2017,NewOrleansMobile,27.84438
Dec,2015,NewYork,88.53637
Dec,2016,NewYork,166.81076
Dec,2017,NewYork,395.24828
Dec,2015,Northeast,293.4232
Dec,2016,Northeast,446.93662
Dec,2017,Northeast,1188.12409
Dec,2015,NorthernNewEngland,34.69117
Dec,2016,NorthernNewEngland,37.68652
Dec,2017,NorthernNewEngland,106.75894
Dec,2015,Orlando,11.20936
Dec,2016,Orlando,22.45367
Dec,2017,Orlando,30.31856
Dec,2015,Philadelphia,30.29809
Dec,2016,Philadelphia,41.23653
Dec,2017,Philadelphia,122.40785
Dec,2015,PhoenixTucson,26.8498
Dec,2016,PhoenixTucson,30.73249
Dec,2017,PhoenixTucson,71.15117
Dec,2015,Pittsburgh,3.59501
Dec,2016,Pittsburgh,29.89603
Dec,2017,Pittsburgh,52.17068
Dec,2015,Plains,108.16397
Dec,2016,Plains,171.24927
Dec,2017,Plains,275.80243
Dec,2015,Portland,132.94557
Dec,2016,Portland,153.3062
Dec,2017,Portland,154.12882
Dec,2015,RaleighGreensboro,15.07141
Dec,2016,RaleighGreensboro,30.12147
Dec,2017,RaleighGreensboro,56.81161
Dec,2015,RichmondNorfolk,14.77053
Dec,2016,RichmondNorfolk,23.97112
Dec,2017,RichmondNorfolk,63.33262
Dec,2015,Roanoke,14.14899
Dec,2016,Roanoke,21.85526
Dec,2017,Roanoke,32.46932
Dec,2015,Sacramento,22.67254
Dec,2016,Sacramento,16.59618
Dec,2017,Sacramento,37.92199
Dec,2015,SanDiego,38.23922
Dec,2016,SanDiego,48.16794
Dec,2017,SanDiego,70.23597
Dec,2015,SanFrancisco,56.64381
Dec,2016,SanFrancisco,64.96457
Dec,2017,SanFrancisco,90.97027
Dec,2015,Seattle,114.14029
Dec,2016,Seattle,191.97043
Dec,2017,Seattle,449.19298
Dec,2015,SouthCarolina,14.52808
Dec,2016,SouthCarolina,28.61876
Dec,2017,SouthCarolina,68.21133
Dec,2015,SouthCentral,220.24464
Dec,2016,SouthCentral,397.81822
Dec,2017,SouthCentral,567.98565
Dec,2015,Southeast,102.63566
Dec,2016,Southeast,212.5505
Dec,2017,Southeast,416.2413
Dec,2015,Spokane,7.15623
Dec,2016,Spokane,13.40592
Dec,2017,Spokane,14.90935
Dec,2015,StLouis,17.79056
Dec,2016,StLouis,20.79484
Dec,2017,StLouis,35.17875
Dec,2015,Syracuse,8.08188
Dec,2016,Syracuse,5.39453
Dec,2017,Syracuse,25.61397
Dec,2015,Tampa,7.82515
Dec,2016,Tampa,22.86307
Dec,2017,Tampa,28.76668
Dec,2015,TotalUS,2219.6791
Dec,2016,TotalUS,3400.64087
Dec,2017,TotalUS,5909.49273
Dec,2015,West,655.27832
Dec,2016,West,858.33991
Dec,2017,West,1275.82827
Dec,2015,WestTexNewMexico,21.24747
Dec,2016,WestTexNewMexico,51.91157
Dec,2017,WestTexNewMexico,77.06071